,stationName,dataTime,so2Value,coValue,o3Value,no2Value,pm10Value,pm10Value24,pm25Value,pm25Value24,khaiValue,khaiGrade,so2Grade,coGrade,o3Grade,no2Grade,pm10Grade,pm25Grade,pm10Grade1h,pm25Grade1h
0,종로구,2019-12-07 04:00,0.003,0.9,0.002,0.048,37,33,29,25,80,2,1,1,1,2,2,2,2,2
1,종로구,2019-12-07 03:00,0.003,1.2,0.002,0.051,43,31,35,23,85,2,1,1,1,2,2,2,2,2
2,종로구,2019-12-07 02:00,0.003,0.8,0.002,0.049,31,29,24,22,81,2,1,1,1,2,1,2,2,2
3,종로구,2019-12-07 01:00,0.003,0.7,0.002,0.046,32,28,25,22,76,2,1,1,1,2,1,2,2,2
4,종로구,2019-12-06 24:00,0.003,0.7,0.002,0.043,28,27,22,21,71,2,1,1,1,2,1,2,1,2
5,종로구,2019-12-06 23:00,0.003,0.6,0.004,0.039,27,28,22,21,65,2,1,1,1,2,1,2,1,2
6,종로구,2019-12-06 22:00,0.003,0.6,0.005,0.036,28,28,21,21,64,2,1,1,1,2,1,2,1,2
7,종로구,2019-12-06 21:00,0.003,0.6,0.004,0.040,28,28,21,21,66,2,1,1,1,2,1,2,1,2
8,종로구,2019-12-06 20:00,0.004,0.6,0.008,0.032,27,28,21,20,61,2,1,1,1,2,1,2,1,2
9,종로구,2019-12-06 19:00,0.003,0.5,0.010,0.031,25,28,19,20,61,2,1,1,1,2,1,2,1,2
10,종로구,2019-12-06 18:00,0.004,0.5,0.010,0.029,26,29,20,21,64,2,1,1,1,1,1,2,1,2
11,종로구,2019-12-06 17:00,0.003,0.4,0.012,0.027,26,29,18,21,64,2,1,1,1,1,1,2,1,2
12,종로구,2019-12-06 16:00,0.004,0.5,0.012,0.027,29,29,22,21,64,2,1,1,1,1,1,2,1,2
13,종로구,2019-12-06 15:00,0.004,0.5,0.012,0.027,29,30,22,21,64,2,1,1,1,1,1,2,1,2
14,종로구,2019-12-06 14:00,0.003,0.5,0.014,0.022,26,31,20,21,64,2,1,1,1,1,2,2,1,2
15,종로구,2019-12-06 13:00,0.003,0.5,0.013,0.023,27,32,18,21,64,2,1,1,1,1,2,2,1,2
16,종로구,2019-12-06 12:00,0.003,0.6,0.008,0.032,36,32,26,21,64,2,1,1,1,2,2,2,2,2
17,종로구,2019-12-06 11:00,0.003,0.7,0.006,0.034,38,31,25,20,61,2,1,1,1,2,2,2,2,2
18,종로구,2019-12-06 10:00,0.003,0.7,0.005,0.032,31,29,20,19,59,2,1,1,1,2,1,2,2,2
19,종로구,2019-12-06 09:00,0.004,0.8,0.003,0.035,31,29,20,19,59,2,1,1,1,2,1,2,2,2
20,종로구,2019-12-06 08:00,0.003,0.7,0.002,0.034,29,28,20,18,56,2,1,1,1,2,1,2,1,2
21,종로구,2019-12-06 07:00,0.004,0.6,0.002,0.033,30,27,21,17,54,2,1,1,1,2,1,2,1,2
22,종로구,2019-12-06 06:00,0.003,0.6,0.004,0.028,29,26,18,16,51,2,1,1,1,1,1,2,1,2
23,종로구,2019-12-06 05:00,0.003,0.5,0.008,0.020,26,26,17,16,51,2,1,1,1,1,1,2,1,2
24,종로구,2019-12-06 04:00,0.003,0.4,0.011,0.015,26,26,16,15,50,1,1,1,1,1,1,1,1,2
25,종로구,2019-12-06 03:00,0.003,0.4,0.012,0.014,30,25,17,15,50,1,1,1,1,1,1,1,1,2
26,종로구,2019-12-06 02:00,0.003,0.4,0.014,0.012,27,24,16,15,50,1,1,1,1,1,1,1,1,2
27,종로구,2019-12-06 01:00,0.003,0.4,0.013,0.013,26,23,15,15,50,1,1,1,1,1,1,1,1,1
28,종로구,2019-12-05 24:00,0.003,0.4,0.013,0.013,26,23,17,15,50,1,1,1,1,1,1,1,1,2
29,종로구,2019-12-05 23:00,0.003,0.4,0.013,0.015,26,22,17,14,47,1,1,1,1,1,1,1,1,2
30,종로구,2019-12-05 22:00,0.002,0.4,0.013,0.014,24,20,16,13,43,1,1,1,1,1,1,1,1,2
31,종로구,2019-12-05 21:00,0.003,0.4,0.013,0.016,24,19,18,12,40,1,1,1,1,1,1,1,1,2
32,종로구,2019-12-05 20:00,0.003,0.5,0.013,0.017,20,19,14,11,37,1,1,1,1,1,1,1,1,1
33,종로구,2019-12-05 19:00,0.002,0.4,0.015,0.015,17,18,8,10,33,1,1,1,1,1,1,1,1,1
34,종로구,2019-12-05 18:00,0.003,0.4,0.016,0.016,20,18,10,11,37,1,1,1,1,1,1,1,1,1
35,종로구,2019-12-05 17:00,0.002,0.4,0.019,0.015,21,18,11,11,37,1,1,1,1,1,1,1,1,1
36,종로구,2019-12-05 16:00,0.003,0.4,0.020,0.015,18,17,11,11,37,1,1,1,1,1,1,1,1,1
37,종로구,2019-12-05 15:00,0.003,0.3,0.021,0.014,15,17,9,11,37,1,1,1,1,1,1,1,1,1
38,종로구,2019-12-05 14:00,0.003,0.4,0.022,0.012,16,17,10,11,37,1,1,1,1,1,1,1,1,1
39,종로구,2019-12-05 13:00,0.003,0.4,0.022,0.012,18,18,12,12,40,1,1,1,1,1,1,1,1,1
40,종로구,2019-12-05 12:00,0.002,0.4,0.018,0.015,16,18,10,12,40,1,1,1,1,1,1,1,1,1
41,종로구,2019-12-05 11:00,0.003,0.4,0.018,0.014,17,19,10,13,43,1,1,1,1,1,1,1,1,1
42,종로구,2019-12-05 10:00,0.003,0.4,0.016,0.016,18,20,9,13,43,1,1,1,1,1,1,1,1,1
43,종로구,2019-12-05 09:00,0.004,0.4,0.012,0.020,18,20,13,15,50,1,1,1,1,1,1,1,1,1
44,종로구,2019-12-05 08:00,0.004,0.4,0.011,0.022,16,21,13,16,51,2,1,1,1,1,1,2,1,1
45,종로구,2019-12-05 07:00,0.004,0.4,0.015,0.017,19,22,11,16,51,2,1,1,1,1,1,2,1,1
46,종로구,2019-12-05 06:00,0.004,0.4,0.018,0.012,20,23,15,17,54,2,1,1,1,1,1,2,1,1
47,종로구,2019-12-05 05:00,0.004,0.4,0.019,0.010,20,24,18,18,56,2,1,1,1,1,1,2,1,2
48,종로구,2019-12-05 04:00,0.004,0.4,0.023,0.008,16,26,12,18,56,2,1,1,1,1,1,2,1,1
49,종로구,2019-12-05 03:00,0.004,0.3,0.024,0.008,21,28,14,20,61,2,1,1,1,1,1,2,1,1
50,종로구,2019-12-05 02:00,0.004,0.5,0.019,0.011,27,30,19,21,64,2,1,1,1,1,1,2,1,2
51,종로구,2019-12-05 01:00,0.004,0.5,0.016,0.018,26,30,18,21,64,2,1,1,1,1,1,2,1,2
52,종로구,2019-12-04 24:00,0.004,0.5,0.019,0.016,27,30,19,21,64,2,1,1,1,1,1,2,1,2
53,종로구,2019-12-04 23:00,0.004,0.5,0.019,0.015,30,31,20,22,66,2,1,1,1,1,2,2,1,2
54,종로구,2019-12-04 22:00,0.003,0.5,0.012,0.028,27,31,20,22,66,2,1,1,1,1,2,2,1,2
55,종로구,2019-12-04 21:00,0.004,0.6,0.007,0.038,30,32,24,22,66,2,1,1,1,2,2,2,1,2
56,종로구,2019-12-04 20:00,0.003,0.6,0.006,0.043,35,34,27,22,71,2,1,1,1,2,2,2,2,2
57,종로구,2019-12-04 19:00,0.004,0.6,0.007,0.042,35,33,23,21,70,2,1,1,1,2,2,2,2,2
58,종로구,2019-12-04 18:00,0.005,0.5,0.007,0.041,35,32,22,20,68,2,1,1,1,2,2,2,2,2
59,종로구,2019-12-04 17:00,0.005,0.6,0.005,0.050,43,31,30,20,83,2,1,1,1,2,2,2,2,2
60,종로구,2019-12-04 16:00,0.004,0.6,0.008,0.044,34,27,23,17,73,2,1,1,1,2,1,2,2,2
61,종로구,2019-12-04 15:00,0.004,0.5,0.013,0.034,31,26,21,16,56,2,1,1,1,2,1,2,2,2
62,종로구,2019-12-04 14:00,0.004,0.5,0.015,0.028,29,25,16,15,50,1,1,1,1,1,1,1,1,2
63,종로구,2019-12-04 13:00,0.004,0.5,0.018,0.023,22,24,12,15,50,1,1,1,1,1,1,1,1,1
64,종로구,2019-12-04 12:00,0.004,0.5,0.019,0.019,27,24,16,15,50,1,1,1,1,1,1,1,1,2
65,종로구,2019-12-04 11:00,0.004,0.7,0.009,0.036,26,24,17,15,59,2,1,1,1,2,1,1,1,2
66,종로구,2019-12-04 10:00,0.004,0.6,0.008,0.035,22,24,14,15,58,2,1,1,1,2,1,1,1,1
67,종로구,2019-12-04 09:00,0.004,0.8,0.004,0.043,25,24,16,16,71,2,1,1,1,2,1,2,1,2
68,종로구,2019-12-04 08:00,0.003,0.7,0.002,0.042,23,24,15,16,70,2,1,1,1,2,1,2,1,1
69,종로구,2019-12-04 07:00,0.003,0.7,0.002,0.040,24,24,15,16,66,2,1,1,1,2,1,2,1,1
70,종로구,2019-12-04 06:00,0.003,0.6,0.006,0.035,19,24,14,17,58,2,1,1,1,2,1,2,1,1
71,종로구,2019-12-04 05:00,0.004,0.6,0.006,0.034,20,26,11,17,56,2,1,1,1,2,1,2,1,1
72,종로구,2019-12-04 04:00,0.003,0.5,0.008,0.030,21,27,14,18,56,2,1,1,1,1,1,2,1,1
73,종로구,2019-12-04 03:00,0.003,0.5,0.016,0.018,23,29,15,19,59,2,1,1,1,1,1,2,1,1
74,종로구,2019-12-04 02:00,0.003,0.5,0.018,0.016,25,30,14,21,64,2,1,1,1,1,1,2,1,1
75,종로구,2019-12-04 01:00,0.003,0.5,0.013,0.024,27,32,19,22,66,2,1,1,1,1,2,2,1,2
76,종로구,2019-12-03 24:00,0.004,0.6,0.003,0.043,29,32,21,23,71,2,1,1,1,2,2,2,1,2
77,종로구,2019-12-03 23:00,0.003,0.7,0.002,0.044,30,33,22,23,73,2,1,1,1,2,2,2,1,2
78,종로구,2019-12-03 22:00,0.003,0.7,0.002,0.046,33,35,23,23,76,2,1,1,1,2,2,2,2,2
79,종로구,2019-12-03 21:00,0.004,0.6,0.002,0.047,33,35,25,23,78,2,1,1,1,2,2,2,2,2
80,종로구,2019-12-03 20:00,0.004,0.6,0.002,0.047,34,35,25,22,78,2,1,1,1,2,2,2,2,2
81,종로구,2019-12-03 19:00,0.003,0.7,0.002,0.050,44,34,31,21,83,2,1,1,1,2,2,2,2,2
82,종로구,2019-12-03 18:00,0.003,0.8,0.002,0.051,39,32,23,21,85,2,1,1,1,2,2,2,2,2
83,종로구,2019-12-03 17:00,0.004,0.5,0.008,0.039,31,30,18,20,65,2,1,1,1,2,1,2,2,2
84,종로구,2019-12-03 16:00,0.004,0.5,0.009,0.037,32,29,22,20,61,2,1,1,1,2,1,2,2,2
85,종로구,2019-12-03 15:00,0.004,0.7,0.005,0.043,36,28,26,19,71,2,1,1,1,2,1,2,2,2
86,종로구,2019-12-03 14:00,0.004,0.7,0.005,0.043,31,26,22,18,71,2,1,1,1,2,1,2,2,2
87,종로구,2019-12-03 13:00,0.005,0.8,0.004,0.046,32,25,21,16,76,2,1,1,1,2,1,2,2,2
88,종로구,2019-12-03 12:00,0.004,0.7,0.004,0.042,27,23,18,15,70,2,1,1,1,2,1,1,1,2
89,종로구,2019-12-03 11:00,0.004,0.7,0.003,0.043,28,22,21,14,71,2,1,1,1,2,1,1,1,2
90,종로구,2019-12-03 10:00,0.004,0.7,0.004,0.042,27,20,16,13,70,2,1,1,1,2,1,1,1,2
91,종로구,2019-12-03 09:00,0.003,0.8,0.003,0.044,24,18,12,12,73,2,1,1,1,2,1,1,1,1
92,종로구,2019-12-03 08:00,0.004,0.8,0.002,0.048,21,17,14,11,80,2,1,1,1,2,1,1,1,1
93,종로구,2019-12-03 07:00,0.003,0.7,0.002,0.043,20,16,15,10,71,2,1,1,1,2,1,1,1,1
94,종로구,2019-12-03 06:00,0.003,0.6,0.002,0.040,17,14,12,9,66,2,1,1,1,2,1,1,1,1
95,종로구,2019-12-03 05:00,0.003,0.5,0.006,0.034,16,14,10,9,56,2,1,1,1,2,1,1,1,1
96,종로구,2019-12-03 04:00,0.003,0.4,0.015,0.019,13,14,8,9,32,1,1,1,1,1,1,1,1,1
97,종로구,2019-12-03 03:00,0.003,0.4,0.020,0.011,13,15,9,10,33,1,1,1,1,1,1,1,1,1
98,종로구,2019-12-03 02:00,0.003,0.3,0.020,0.011,15,16,9,10,33,1,1,1,1,1,1,1,1,1
99,종로구,2019-12-03 01:00,0.003,0.4,0.020,0.011,16,16,9,10,33,1,1,1,1,1,1,1,1,1
100,종로구,2019-12-02 24:00,0.003,0.4,0.014,0.021,15,16,9,10,35,1,1,1,1,1,1,1,1,1
101,종로구,2019-12-02 23:00,0.003,0.4,0.017,0.017,15,16,7,10,33,1,1,1,1,1,1,1,1,1
102,종로구,2019-12-02 22:00,0.004,0.4,0.019,0.016,11,16,8,11,37,1,1,1,1,1,1,1,1,1
103,종로구,2019-12-02 21:00,0.003,0.4,0.021,0.014,14,17,8,11,37,1,1,1,1,1,1,1,1,1
104,종로구,2019-12-02 20:00,0.003,0.4,0.021,0.014,12,18,9,13,43,1,1,1,1,1,1,1,1,1
105,종로구,2019-12-02 19:00,0.003,0.5,0.019,0.016,12,21,9,14,47,1,1,1,1,1,1,1,1,1
106,종로구,2019-12-02 18:00,0.003,0.5,0.019,0.019,14,23,10,16,51,2,1,1,1,1,1,2,1,1
107,종로구,2019-12-02 17:00,0.004,0.4,0.020,0.017,26,24,19,17,54,2,1,1,1,1,1,2,1,2
108,종로구,2019-12-02 16:00,0.005,0.5,0.020,0.017,29,23,20,16,51,2,1,1,1,1,1,2,1,2
109,종로구,2019-12-02 15:00,0.005,0.5,0.024,0.014,28,22,23,15,50,1,1,1,1,1,1,1,1,2
110,종로구,2019-12-02 14:00,0.004,0.4,0.025,0.014,23,22,15,14,47,1,1,1,1,1,1,1,1,1
111,종로구,2019-12-02 13:00,0.004,0.4,0.024,0.013,18,22,10,14,47,1,1,1,1,1,1,1,1,1
112,종로구,2019-12-02 12:00,0.003,0.4,0.022,0.015,20,22,11,15,50,1,1,1,1,1,1,1,1,1
113,종로구,2019-12-02 11:00,0.004,0.4,0.021,0.016,24,22,15,15,50,1,1,1,1,1,1,1,1,1
114,종로구,2019-12-02 10:00,0.004,0.4,0.016,0.022,22,21,13,15,50,1,1,1,1,1,1,1,1,1
115,종로구,2019-12-02 09:00,0.003,0.5,0.011,0.027,19,21,13,16,51,2,1,1,1,1,1,2,1,1
116,종로구,2019-12-02 08:00,0.003,0.5,0.007,0.031,20,22,13,17,54,2,1,1,1,2,1,2,1,1
117,종로구,2019-12-02 07:00,0.002,0.5,0.013,0.022,18,24,13,18,56,2,1,1,1,1,1,2,1,1
118,종로구,2019-12-02 06:00,0.003,0.4,0.018,0.015,21,26,14,20,61,2,1,1,1,1,1,2,1,1
119,종로구,2019-12-02 05:00,0.004,0.4,0.021,0.009,21,28,15,23,69,2,1,1,1,1,1,2,1,1
120,종로구,2019-12-02 04:00,0.003,0.4,0.022,0.008,25,30,19,24,72,2,1,1,1,1,1,2,1,2
121,종로구,2019-12-02 03:00,0.003,0.5,0.021,0.008,30,30,22,25,74,2,1,1,1,1,1,2,1,2
122,종로구,2019-12-02 02:00,0.003,0.5,0.020,0.011,29,30,24,26,77,2,1,1,1,1,1,2,1,2
123,종로구,2019-12-02 01:00,0.003,0.5,0.020,0.013,26,31,21,27,79,2,1,1,1,1,2,2,1,2
124,종로구,2019-12-01 24:00,0.003,0.5,0.023,0.011,21,34,18,28,82,2,1,1,1,1,2,2,1,2
125,종로구,2019-12-01 23:00,0.003,0.5,0.021,0.014,22,37,19,30,87,2,1,1,1,1,2,2,1,2
126,종로구,2019-12-01 22:00,0.003,0.5,0.018,0.016,26,40,25,32,92,2,1,1,1,1,2,2,1,2
127,종로구,2019-12-01 21:00,0.003,0.6,0.014,0.021,39,42,34,33,95,2,1,1,1,1,2,2,2,2
128,종로구,2019-12-01 20:00,0.003,0.7,0.013,0.020,38,43,35,33,95,2,1,1,1,1,2,2,2,2
129,종로구,2019-12-01 19:00,0.003,0.7,0.013,0.022,38,45,35,34,97,2,1,1,1,1,2,2,2,2
130,종로구,2019-12-01 18:00,0.003,0.7,0.013,0.027,37,47,35,34,97,2,1,1,1,1,2,2,2,2
131,종로구,2019-12-01 17:00,0.004,0.8,0.005,0.040,49,48,41,35,100,2,1,1,1,2,2,2,2,3
132,종로구,2019-12-01 16:00,0.004,0.9,0.002,0.047,55,48,47,34,97,2,1,1,1,2,2,2,2,3
133,종로구,2019-12-01 15:00,0.004,0.9,0.003,0.050,53,45,46,32,92,2,1,1,1,2,2,2,2,3
134,종로구,2019-12-01 14:00,0.004,0.8,0.004,0.048,52,43,45,30,87,2,1,1,1,2,2,2,2,3
135,종로구,2019-12-01 13:00,0.004,0.9,0.005,0.048,51,40,40,27,80,2,1,1,1,2,2,2,2,3
136,종로구,2019-12-01 12:00,0.004,0.9,0.005,0.049,45,38,37,26,81,2,1,1,1,2,2,2,2,3
137,종로구,2019-12-01 11:00,0.004,0.9,0.004,0.050,42,36,33,26,83,2,1,1,1,2,2,2,2,2
138,종로구,2019-12-01 10:00,0.003,1.0,0.002,0.050,41,36,31,26,83,2,1,1,1,2,2,2,2,2
139,종로구,2019-12-01 09:00,0.004,0.8,0.002,0.049,39,35,32,27,81,2,1,1,1,2,2,2,2,2
140,종로구,2019-12-01 08:00,0.005,0.8,0.002,0.048,34,34,28,27,80,2,1,1,1,2,2,2,2,2
141,종로구,2019-12-01 07:00,0.004,0.8,0.002,0.050,36,33,27,26,83,2,1,1,1,2,2,2,2,2
142,종로구,2019-12-01 06:00,0.003,0.8,0.002,0.050,35,33,27,26,83,2,1,1,1,2,2,2,2,2
143,종로구,2019-12-01 05:00,0.004,0.8,0.002,0.049,28,34,25,26,81,2,1,1,1,2,2,2,1,2
144,종로구,2019-12-01 04:00,0.003,0.6,0.006,0.039,24,35,17,27,79,2,1,1,1,2,2,2,1,2
145,종로구,2019-12-01 03:00,0.004,0.5,0.013,0.030,25,37,18,29,85,2,1,1,1,1,2,2,1,2
146,종로구,2019-12-01 02:00,0.004,0.5,0.012,0.034,29,41,22,31,90,2,1,1,1,2,2,2,1,2
147,종로구,2019-12-01 01:00,0.004,0.6,0.009,0.039,33,43,25,32,92,2,1,1,1,2,2,2,2,2
148,종로구,2019-11-30 24:00,0.004,0.5,0.012,0.034,34,44,27,32,92,2,1,1,1,2,2,2,2,2
149,종로구,2019-11-30 23:00,0.005,0.6,0.007,0.043,45,46,39,33,95,2,1,1,1,2,2,2,2,3
150,종로구,2019-11-30 22:00,0.005,0.7,0.003,0.052,44,49,37,33,95,2,1,1,1,2,2,2,2,3
151,종로구,2019-11-30 21:00,0.005,0.7,0.004,0.050,43,50,34,34,97,2,1,1,1,2,2,2,2,2
152,종로구,2019-11-30 20:00,0.005,0.6,0.008,0.042,46,51,37,35,100,2,1,1,1,2,2,2,2,3
153,종로구,2019-11-30 19:00,0.005,0.7,0.003,0.052,66,51,46,35,100,2,1,1,1,2,2,2,2,3
154,종로구,2019-11-30 18:00,0.006,0.8,0.002,0.062,71,46,56,34,102,3,1,1,1,3,2,2,2,3
155,종로구,2019-11-30 17:00,0.007,0.8,0.003,0.064,57,43,47,29,104,3,1,1,1,3,2,2,2,3
156,종로구,2019-11-30 16:00,0.005,0.7,0.005,0.056,42,40,35,28,93,2,1,1,1,2,2,2,2,2
157,종로구,2019-11-30 15:00,0.005,0.6,0.010,0.045,40,40,30,27,79,2,1,1,1,2,2,2,2,2
158,종로구,2019-11-30 14:00,0.005,0.6,0.010,0.043,38,41,30,28,82,2,1,1,1,2,2,2,2,2
159,종로구,2019-11-30 13:00,0.004,0.7,0.009,0.041,38,41,28,28,82,2,1,1,1,2,2,2,2,2
160,종로구,2019-11-30 12:00,0.005,0.8,0.007,0.040,42,41,31,28,82,2,1,1,1,2,2,2,2,2
161,종로구,2019-11-30 11:00,0.005,0.7,0.006,0.038,46,41,29,28,82,2,1,1,1,2,2,2,2,2
162,종로구,2019-11-30 10:00,0.005,0.8,0.005,0.041,41,40,30,27,79,2,1,1,1,2,2,2,2,2
163,종로구,2019-11-30 09:00,0.004,0.9,0.003,0.044,40,39,33,26,77,2,1,1,1,2,2,2,2,2
164,종로구,2019-11-30 08:00,0.004,1.0,0.002,0.048,41,39,33,26,80,2,1,1,1,2,2,2,2,2
165,종로구,2019-11-30 07:00,0.004,1.1,0.002,0.048,39,39,30,25,80,2,1,1,1,2,2,2,2,2
166,종로구,2019-11-30 06:00,0.004,1.0,0.002,0.045,41,39,31,26,77,2,1,1,1,2,2,2,2,2
167,종로구,2019-11-30 05:00,0.004,0.9,0.002,0.046,41,38,31,26,77,2,1,1,1,2,2,2,2,2
168,종로구,2019-11-30 04:00,0.004,0.9,0.001,0.048,40,37,30,26,80,2,1,1,1,2,2,2,2,2
169,종로구,2019-11-30 03:00,0.004,1.0,0.002,0.051,39,36,29,26,85,2,1,1,1,2,2,2,2,2
170,종로구,2019-11-30 02:00,0.004,1.1,0.002,0.053,39,36,29,26,88,2,1,1,1,2,2,2,2,2
171,종로구,2019-11-30 01:00,0.004,0.9,0.002,0.055,38,35,28,26,92,2,1,1,1,2,2,2,2,2
172,종로구,2019-11-29 24:00,0.004,0.9,0.002,0.056,35,35,25,25,93,2,1,1,1,2,2,2,2,2
173,종로구,2019-11-29 23:00,0.004,0.9,0.002,0.057,35,36,26,26,95,2,1,1,1,2,2,2,2,2
174,종로구,2019-11-29 22:00,0.004,0.9,0.002,0.054,34,37,25,26,90,2,1,1,1,2,2,2,2,2
175,종로구,2019-11-29 21:00,0.004,0.7,0.006,0.041,35,38,25,27,79,2,1,1,1,2,2,2,2,2
176,종로구,2019-11-29 20:00,0.004,0.6,0.008,0.040,36,38,25,27,79,2,1,1,1,2,2,2,2,2
177,종로구,2019-11-29 19:00,0.004,0.6,0.010,0.038,36,38,24,26,77,2,1,1,1,2,2,2,2,2
178,종로구,2019-11-29 18:00,0.003,0.5,0.013,0.033,33,38,24,26,77,2,1,1,1,2,2,2,2,2
179,종로구,2019-11-29 17:00,0.004,0.4,0.020,0.023,30,40,20,26,77,2,1,1,1,1,2,2,1,2
180,종로구,2019-11-29 16:00,0.004,0.4,0.022,0.021,27,43,19,28,82,2,1,1,1,1,2,2,1,2
181,종로구,2019-11-29 15:00,0.004,0.4,0.022,0.021,37,47,31,31,90,2,1,1,1,1,2,2,2,2
182,종로구,2019-11-29 14:00,0.004,0.7,0.016,0.030,44,50,30,32,92,2,1,1,1,1,2,2,2,2
183,종로구,2019-11-29 13:00,0.004,0.6,0.015,0.028,45,51,29,32,92,2,1,1,1,1,2,2,2,2
184,종로구,2019-11-29 12:00,0.005,0.9,0.009,0.041,54,52,40,31,90,2,1,1,1,2,2,2,2,3
185,종로구,2019-11-29 11:00,0.006,1.1,0.006,0.044,62,51,43,30,87,2,1,1,1,2,2,2,2,3
186,종로구,2019-11-29 10:00,0.006,1.0,0.006,0.041,56,48,38,28,82,2,1,1,1,2,2,2,2,3
187,종로구,2019-11-29 09:00,0.005,0.9,0.003,0.040,52,45,35,26,77,2,1,1,1,2,2,2,2,2
188,종로구,2019-11-29 08:00,0.004,0.8,0.002,0.036,47,44,32,25,74,2,1,1,1,2,2,2,2,2
189,종로구,2019-11-29 07:00,0.003,0.7,0.003,0.030,48,43,33,24,72,2,1,1,1,1,2,2,2,2
190,종로구,2019-11-29 06:00,0.004,0.7,0.004,0.030,47,41,31,24,72,2,1,1,1,1,2,2,2,2
191,종로구,2019-11-29 05:00,0.003,0.6,0.007,0.025,45,39,31,24,72,2,1,1,1,1,2,2,2,2
192,종로구,2019-11-29 04:00,0.004,0.6,0.011,0.019,44,37,30,24,72,2,1,1,1,1,2,2,2,2
193,종로구,2019-11-29 03:00,0.004,0.6,0.011,0.020,43,36,29,23,69,2,1,1,1,1,2,2,2,2
194,종로구,2019-11-29 02:00,0.004,0.6,0.006,0.026,40,34,27,22,66,2,1,1,1,1,2,2,2,2
195,종로구,2019-11-29 01:00,0.003,0.6,0.005,0.029,41,32,25,20,61,2,1,1,1,1,2,2,2,2
196,종로구,2019-11-28 24:00,0.004,0.6,0.008,0.025,39,30,26,19,59,2,1,1,1,1,1,2,2,2
197,종로구,2019-11-28 23:00,0.004,0.6,0.003,0.036,35,28,20,17,59,2,1,1,1,2,1,2,2,2
198,종로구,2019-11-28 22:00,0.004,0.6,0.005,0.037,28,27,18,17,61,2,1,1,1,2,1,2,1,2
199,종로구,2019-11-28 21:00,0.004,0.5,0.013,0.025,29,26,17,17,54,2,1,1,1,1,1,2,1,2
200,종로구,2019-11-28 20:00,0.004,0.5,0.015,0.023,30,26,19,16,51,2,1,1,1,1,1,2,1,2
201,종로구,2019-11-28 19:00,0.004,0.5,0.013,0.026,26,24,17,16,51,2,1,1,1,1,1,2,1,2
202,종로구,2019-11-28 18:00,0.003,0.5,0.016,0.022,21,24,15,16,51,2,1,1,1,1,1,2,1,1
203,종로구,2019-11-28 17:00,0.004,0.4,0.018,0.021,19,-,12,16,-,,1,1,1,1,,2,1,1
204,종로구,2019-11-28 16:00,0.003,0.4,0.018,0.020,16,-,11,17,-,,1,1,1,1,,2,1,1
205,종로구,2019-11-28 15:00,0.004,0.4,0.018,0.020,-,-,19,18,-,,1,1,1,1,,2,,2
206,종로구,2019-11-28 14:00,0.004,0.6,0.013,0.029,-,32,-,19,59,2,1,1,1,1,2,2,,
207,종로구,2019-11-28 13:00,0.005,0.8,0.009,0.038,24,33,14,20,63,2,1,1,1,2,2,2,1,1
208,종로구,2019-11-28 12:00,0.004,0.5,0.013,0.026,23,36,14,22,66,2,1,1,1,1,2,2,1,1
209,종로구,2019-11-28 11:00,0.005,0.7,0.008,0.033,36,39,19,23,69,2,1,1,1,2,2,2,2,2
210,종로구,2019-11-28 10:00,0.005,0.8,0.005,0.037,39,39,22,25,74,2,1,1,1,2,2,2,2,2
211,종로구,2019-11-28 09:00,0.004,1.0,0.003,0.040,39,39,24,25,74,2,1,1,1,2,2,2,2,2
212,종로구,2019-11-28 08:00,0.004,0.9,0.002,0.038,37,39,24,25,74,2,1,1,1,2,2,2,2,2
213,종로구,2019-11-28 07:00,0.004,0.7,0.002,0.035,36,39,25,26,77,2,1,1,1,2,2,2,2,2
214,종로구,2019-11-28 06:00,0.003,0.7,0.006,0.028,36,40,23,26,77,2,1,1,1,1,2,2,2,2
215,종로구,2019-11-28 05:00,0.004,0.7,0.008,0.026,39,41,25,27,79,2,1,1,1,1,2,2,2,2
216,종로구,2019-11-28 04:00,0.004,0.8,0.002,0.036,40,42,25,26,77,2,1,1,1,2,2,2,2,2
217,종로구,2019-11-28 03:00,0.003,0.7,0.005,0.030,42,42,26,26,77,2,1,1,1,1,2,2,2,2
218,종로구,2019-11-28 02:00,0.004,0.8,0.003,0.035,41,42,27,26,77,2,1,1,1,2,2,2,2,2
219,종로구,2019-11-28 01:00,0.003,0.8,0.002,0.039,45,42,30,26,77,2,1,1,1,2,2,2,2,2
220,종로구,2019-11-27 24:00,0.004,0.8,0.002,0.039,41,41,26,27,79,2,1,1,1,2,2,2,2,2
221,종로구,2019-11-27 23:00,0.004,0.8,0.003,0.038,43,41,28,27,79,2,1,1,1,2,2,2,2,2
222,종로구,2019-11-27 22:00,0.004,0.7,0.007,0.030,42,41,27,26,77,2,1,1,1,1,2,2,2,2
223,종로구,2019-11-27 21:00,0.004,0.7,0.007,0.032,43,40,29,26,77,2,1,1,1,2,2,2,2,2
224,종로구,2019-11-27 20:00,0.004,0.7,0.008,0.032,43,-,29,-,-,,1,1,1,2,,,2,2
225,종로구,2019-11-27 19:00,0.005,0.8,0.011,0.029,43,-,28,-,-,,1,1,1,1,,,2,2
226,종로구,2019-11-27 18:00,-,-,-,-,-,-,-,-,-,,,,,,,,,
227,종로구,2019-11-27 17:00,-,-,-,-,-,35,-,21,-,,,,,,2,2,,
228,종로구,2019-11-27 16:00,0.004,0.6,0.021,0.020,38,34,23,21,64,2,1,1,1,1,2,2,2,2
229,종로구,2019-11-27 15:00,0.005,0.6,0.023,0.017,39,33,24,20,61,2,1,1,1,1,2,2,2,2
230,종로구,2019-11-27 14:00,0.004,0.6,0.024,0.017,37,32,23,20,61,2,1,1,1,1,2,2,2,2
231,종로구,2019-11-27 13:00,0.005,0.6,0.021,0.018,38,31,24,19,59,2,1,1,1,1,2,2,2,2
232,종로구,2019-11-27 12:00,0.005,0.6,0.018,0.018,33,29,20,17,54,2,1,1,1,1,1,2,2,2
233,종로구,2019-11-27 11:00,0.004,0.5,0.017,0.019,33,28,18,17,54,2,1,1,1,1,1,2,2,2
234,종로구,2019-11-27 10:00,0.004,0.5,0.016,0.019,26,27,14,16,51,2,1,1,1,1,1,2,1,1
235,종로구,2019-11-27 09:00,0.004,0.5,0.010,0.026,27,26,14,16,51,2,1,1,1,1,1,2,1,1
236,종로구,2019-11-27 08:00,0.003,0.5,0.009,0.026,26,25,16,17,54,2,1,1,1,1,1,2,1,2
237,종로구,2019-11-27 07:00,0.003,0.5,0.012,0.022,25,26,16,17,54,2,1,1,1,1,1,2,1,2
238,종로구,2019-11-27 06:00,0.003,0.4,0.016,0.018,22,27,14,18,56,2,1,1,1,1,1,2,1,1
239,종로구,2019-11-27 05:00,0.003,0.5,0.015,0.019,22,30,14,20,61,2,1,1,1,1,1,2,1,1
240,종로구,2019-11-27 04:00,0.003,0.5,0.018,0.016,29,31,19,21,64,2,1,1,1,1,2,2,1,2
241,종로구,2019-11-27 03:00,0.003,0.6,0.012,0.022,37,30,24,20,61,2,1,1,1,1,1,2,2,2
242,종로구,2019-11-27 02:00,0.004,0.6,0.012,0.021,37,27,25,19,59,2,1,1,1,1,1,2,2,2
243,종로구,2019-11-27 01:00,0.003,0.6,0.014,0.021,32,24,23,17,54,2,1,1,1,1,1,2,2,2
244,종로구,2019-11-26 24:00,0.004,0.5,0.006,0.032,23,23,17,15,53,2,1,1,1,2,1,1,1,2
245,종로구,2019-11-26 23:00,0.003,0.5,0.009,0.034,24,23,15,15,56,2,1,1,1,2,1,1,1,1
246,종로구,2019-11-26 22:00,0.003,0.5,0.014,0.029,21,23,15,16,51,2,1,1,1,1,1,2,1,1
247,종로구,2019-11-26 21:00,0.004,0.5,0.011,0.031,24,24,18,16,51,2,1,1,1,2,1,2,1,2
248,종로구,2019-11-26 20:00,0.003,0.6,0.006,0.035,29,25,20,16,58,2,1,1,1,2,1,2,1,2
249,종로구,2019-11-26 19:00,0.003,0.6,0.003,0.039,29,23,20,15,65,2,1,1,1,2,1,1,1,2
250,종로구,2019-11-26 18:00,0.004,0.6,0.005,0.041,31,21,20,13,68,2,1,1,1,2,1,1,2,2
251,종로구,2019-11-26 17:00,0.004,0.5,0.004,0.048,30,19,17,12,80,2,1,1,1,2,1,1,1,2
252,종로구,2019-11-26 16:00,0.003,0.5,0.011,0.034,15,17,10,11,56,2,1,1,1,2,1,1,1,1
253,종로구,2019-11-26 15:00,0.004,0.4,0.014,0.027,13,18,8,11,45,1,1,1,1,1,1,1,1,1
254,종로구,2019-11-26 14:00,0.003,0.4,0.014,0.029,15,19,8,12,48,1,1,1,1,1,1,1,1,1
255,종로구,2019-11-26 13:00,0.004,0.5,0.012,0.028,11,20,7,13,47,1,1,1,1,1,1,1,1,1
256,종로구,2019-11-26 12:00,0.004,0.6,0.010,0.029,15,23,8,15,50,1,1,1,1,1,1,1,1,1
257,종로구,2019-11-26 11:00,0.004,0.7,0.008,0.029,14,25,6,17,54,2,1,1,1,1,1,2,1,1
258,종로구,2019-11-26 10:00,0.004,0.8,0.005,0.035,22,28,13,19,59,2,1,1,1,2,1,2,1,1
259,종로구,2019-11-26 09:00,0.004,0.9,0.003,0.040,27,29,19,21,66,2,1,1,1,2,1,2,1,2
260,종로구,2019-11-26 08:00,0.004,0.9,0.002,0.037,26,30,19,21,64,2,1,1,1,2,1,2,1,2
261,종로구,2019-11-26 07:00,0.004,0.8,0.002,0.035,26,31,19,22,66,2,1,1,1,2,2,2,1,2
262,종로구,2019-11-26 06:00,0.004,0.8,0.002,0.034,29,32,21,23,69,2,1,1,1,2,2,2,1,2
263,종로구,2019-11-26 05:00,0.003,0.9,0.002,0.033,30,33,23,23,69,2,1,1,1,2,2,2,1,2
264,종로구,2019-11-26 04:00,0.003,0.7,0.002,0.034,30,34,23,23,69,2,1,1,1,2,2,2,1,2
265,종로구,2019-11-26 03:00,0.004,0.8,0.002,0.036,36,34,24,23,69,2,1,1,1,2,2,2,2,2
266,종로구,2019-11-26 02:00,0.003,0.9,0.002,0.038,35,34,24,23,69,2,1,1,1,2,2,2,2,2
267,종로구,2019-11-26 01:00,0.004,0.8,0.002,0.038,36,34,23,23,69,2,1,1,1,2,2,2,2,2
268,종로구,2019-11-25 24:00,0.003,0.8,0.002,0.038,33,33,23,23,69,2,1,1,1,2,2,2,2,2
269,종로구,2019-11-25 23:00,0.004,0.8,0.002,0.038,35,33,24,22,66,2,1,1,1,2,2,2,2,2
270,종로구,2019-11-25 22:00,0.004,0.8,0.002,0.038,33,32,22,22,66,2,1,1,1,2,2,2,2,2
271,종로구,2019-11-25 21:00,0.003,0.9,0.002,0.039,36,31,24,21,65,2,1,1,1,2,2,2,2,2
272,종로구,2019-11-25 20:00,0.003,0.7,0.002,0.037,33,30,23,21,64,2,1,1,1,2,1,2,2,2
273,종로구,2019-11-25 19:00,0.004,0.7,0.002,0.037,32,30,22,20,61,2,1,1,1,2,1,2,2,2
274,종로구,2019-11-25 18:00,0.004,0.6,0.003,0.033,32,29,21,19,59,2,1,1,1,2,1,2,2,2
275,종로구,2019-11-25 17:00,0.003,0.5,0.007,0.028,33,28,25,19,59,2,1,1,1,1,1,2,2,2
276,종로구,2019-11-25 16:00,0.003,0.5,0.011,0.024,31,26,20,17,54,2,1,1,1,1,1,2,2,2
277,종로구,2019-11-25 15:00,0.003,0.5,0.011,0.022,32,25,21,16,51,2,1,1,1,1,1,2,2,2
278,종로구,2019-11-25 14:00,0.003,0.5,0.012,0.021,32,23,21,15,50,1,1,1,1,1,1,1,2,2
279,종로구,2019-11-25 13:00,0.003,0.5,0.010,0.023,26,21,18,13,43,1,1,1,1,1,1,1,1,2
280,종로구,2019-11-25 12:00,0.003,0.6,0.009,0.025,24,20,16,12,42,1,1,1,1,1,1,1,1,2
281,종로구,2019-11-25 11:00,0.003,0.5,0.010,0.022,23,19,13,11,37,1,1,1,1,1,1,1,1,1
282,종로구,2019-11-25 10:00,0.003,0.5,0.008,0.021,21,18,13,11,37,1,1,1,1,1,1,1,1,1
283,종로구,2019-11-25 09:00,0.003,0.4,0.008,0.020,20,17,11,10,33,1,1,1,1,1,1,1,1,1
284,종로구,2019-11-25 08:00,0.003,0.4,0.011,0.017,18,16,11,10,33,1,1,1,1,1,1,1,1,1
285,종로구,2019-11-25 07:00,0.003,0.4,0.015,0.012,17,15,12,9,30,1,1,1,1,1,1,1,1,1
286,종로구,2019-11-25 06:00,0.003,0.3,0.016,0.011,15,15,9,9,30,1,1,1,1,1,1,1,1,1
287,종로구,2019-11-25 05:00,0.003,0.3,0.019,0.007,13,15,8,9,32,1,1,1,1,1,1,1,1,1
288,종로구,2019-11-25 04:00,0.003,0.3,0.021,0.006,12,17,7,10,35,1,1,1,1,1,1,1,1,1
289,종로구,2019-11-25 03:00,0.003,0.3,0.021,0.007,17,20,7,12,40,1,1,1,1,1,1,1,1,1
290,종로구,2019-11-25 02:00,0.003,0.3,0.024,0.006,18,21,9,13,43,1,1,1,1,1,1,1,1,1
291,종로구,2019-11-25 01:00,0.003,0.3,0.024,0.007,15,22,10,14,47,1,1,1,1,1,1,1,1,1
292,종로구,2019-11-24 24:00,0.003,0.3,0.022,0.008,18,23,13,15,50,1,1,1,1,1,1,1,1,1
293,종로구,2019-11-24 23:00,0.003,0.4,0.022,0.009,18,23,13,15,50,1,1,1,1,1,1,1,1,1
294,종로구,2019-11-24 22:00,0.004,0.4,0.021,0.011,14,22,11,15,50,1,1,1,1,1,1,1,1,1
295,종로구,2019-11-24 21:00,0.003,0.5,0.019,0.014,15,-,10,15,-,,1,1,1,1,,1,1,1
296,종로구,2019-11-24 20:00,0.003,0.5,0.018,0.014,11,-,10,16,-,,1,1,1,1,,2,1,1
297,종로구,2019-11-24 19:00,0.003,0.5,0.020,0.012,-,-,10,19,-,,1,1,1,1,,2,,1
298,종로구,2019-11-24 18:00,0.003,0.5,0.015,0.020,-,41,10,21,64,2,1,1,1,1,2,2,,1
299,종로구,2019-11-24 17:00,0.004,0.6,0.005,0.038,50,40,30,24,72,2,1,1,1,2,2,2,2,2
300,종로구,2019-11-24 16:00,0.004,0.7,0.003,0.051,49,38,29,23,85,2,1,1,1,2,2,2,2,2
301,종로구,2019-11-24 15:00,0.004,0.8,0.003,0.049,45,35,32,22,81,2,1,1,1,2,2,2,2,2
302,종로구,2019-11-24 14:00,0.005,0.9,0.004,0.047,41,32,27,21,78,2,1,1,1,2,2,2,2,2
303,종로구,2019-11-24 13:00,0.004,0.8,0.006,0.041,36,30,23,19,68,2,1,1,1,2,1,2,2,2
304,종로구,2019-11-24 12:00,0.005,0.6,0.008,0.033,29,28,19,19,59,2,1,1,1,2,1,2,1,2
305,종로구,2019-11-24 11:00,0.005,0.6,0.009,0.028,25,29,15,19,59,2,1,1,1,1,1,2,1,1
306,종로구,2019-11-24 10:00,0.004,0.7,0.005,0.034,24,30,16,19,59,2,1,1,1,2,1,2,1,2
307,종로구,2019-11-24 09:00,0.004,0.8,0.002,0.038,26,30,17,20,63,2,1,1,1,2,1,2,1,2
308,종로구,2019-11-24 08:00,0.004,0.9,0.002,0.039,28,32,18,21,65,2,1,1,1,2,2,2,1,2
309,종로구,2019-11-24 07:00,0.004,0.9,0.002,0.039,28,33,18,22,66,2,1,1,1,2,2,2,1,2
310,종로구,2019-11-24 06:00,0.004,0.9,0.002,0.038,26,35,19,23,69,2,1,1,1,2,2,2,1,2
311,종로구,2019-11-24 05:00,0.005,1.1,0.002,0.043,33,36,21,24,72,2,1,1,1,2,2,2,2,2
312,종로구,2019-11-24 04:00,0.005,1.2,0.002,0.048,37,37,25,24,80,2,1,1,1,2,2,2,2,2
313,종로구,2019-11-24 03:00,0.005,1.4,0.002,0.056,38,37,26,24,93,2,1,1,1,2,2,2,2,2
314,종로구,2019-11-24 02:00,0.005,1.5,0.002,0.057,37,36,26,23,95,2,1,1,1,2,2,2,2,2
315,종로구,2019-11-24 01:00,0.004,1.3,0.002,0.057,39,35,27,22,95,2,1,1,1,2,2,2,2,2
316,종로구,2019-11-23 24:00,0.005,1.4,0.002,0.061,40,35,25,21,101,3,1,1,1,3,2,2,2,2
317,종로구,2019-11-23 23:00,0.005,1.1,0.002,0.056,34,34,22,20,93,2,1,1,1,2,2,2,2,2
318,종로구,2019-11-23 22:00,0.004,0.9,0.002,0.053,35,34,22,19,88,2,1,1,1,2,2,2,2,2
319,종로구,2019-11-23 21:00,0.004,1.1,0.001,0.056,44,33,25,18,93,2,1,1,1,2,2,2,2,2
320,종로구,2019-11-23 20:00,0.005,1.1,0.002,0.060,37,30,22,17,100,2,1,1,1,2,1,2,2,2
321,종로구,2019-11-23 19:00,0.005,1.0,0.002,0.058,35,29,20,16,97,2,1,1,1,2,1,2,2,2
322,종로구,2019-11-23 18:00,0.004,0.7,0.003,0.053,30,27,18,15,88,2,1,1,1,2,1,1,1,2
323,종로구,2019-11-23 17:00,0.004,0.6,0.009,0.042,30,26,17,14,70,2,1,1,1,2,1,1,1,2
324,종로구,2019-11-23 16:00,0.005,0.5,0.013,0.035,25,26,15,13,58,2,1,1,1,2,1,1,1,1
325,종로구,2019-11-23 15:00,0.004,0.4,0.017,0.028,21,27,11,14,47,1,1,1,1,1,1,1,1,1
326,종로구,2019-11-23 14:00,0.004,0.5,0.018,0.025,22,28,11,14,47,1,1,1,1,1,1,1,1,1
327,종로구,2019-11-23 13:00,0.004,0.6,0.013,0.031,27,29,12,15,51,2,1,1,1,2,1,1,1,1
328,종로구,2019-11-23 12:00,0.004,0.6,0.010,0.035,27,31,13,16,58,2,1,1,1,2,2,2,1,1
329,종로구,2019-11-23 11:00,0.004,0.6,0.009,0.033,22,32,12,18,56,2,1,1,1,2,2,2,1,1
330,종로구,2019-11-23 10:00,0.004,0.8,0.006,0.039,26,35,11,19,65,2,1,1,1,2,2,2,1,1
331,종로구,2019-11-23 09:00,0.004,0.9,0.002,0.048,30,36,14,21,80,2,1,1,1,2,2,2,1,1
332,종로구,2019-11-23 08:00,0.005,1.0,0.002,0.050,30,38,17,23,83,2,1,1,1,2,2,2,1,2
333,종로구,2019-11-23 07:00,0.004,1.1,0.002,0.051,31,40,19,24,85,2,1,1,1,2,2,2,2,2
334,종로구,2019-11-23 06:00,0.005,1.2,0.002,0.052,31,42,19,25,86,2,1,1,1,2,2,2,2,2
335,종로구,2019-11-23 05:00,0.005,1.5,0.002,0.056,39,44,22,25,93,2,1,1,1,2,2,2,2,2
336,종로구,2019-11-23 04:00,0.005,1.8,0.002,0.063,39,46,24,25,103,3,1,1,1,3,2,2,2,2
337,종로구,2019-11-23 03:00,0.005,1.8,0.002,0.065,44,47,28,25,105,3,1,1,1,3,2,2,2,2
338,종로구,2019-11-23 02:00,0.005,1.9,0.002,0.067,49,48,30,24,107,3,1,1,1,3,2,2,2,2
339,종로구,2019-11-23 01:00,0.005,2.0,0.002,0.071,54,47,33,24,112,3,1,1,1,3,2,2,2,2
340,종로구,2019-11-22 24:00,0.005,1.9,0.002,0.072,51,46,32,23,113,3,1,1,1,3,2,2,2,2
341,종로구,2019-11-22 23:00,0.005,1.7,0.002,0.069,55,46,31,23,110,3,1,1,1,3,2,2,2,2
342,종로구,2019-11-22 22:00,0.006,1.6,0.002,0.065,49,43,30,22,105,3,1,1,1,3,2,2,2,2
343,종로구,2019-11-22 21:00,0.005,1.2,0.002,0.062,51,41,28,21,102,3,1,1,1,3,2,2,2,2
344,종로구,2019-11-22 20:00,0.005,1.3,0.002,0.064,46,38,26,19,104,3,1,1,1,3,2,2,2,2
345,종로구,2019-11-22 19:00,0.004,1.2,0.005,0.061,38,36,19,18,101,3,1,1,1,3,2,2,2,2
346,종로구,2019-11-22 18:00,0.004,1.1,0.003,0.057,32,35,18,18,95,2,1,1,1,2,2,2,2,2
347,종로구,2019-11-22 17:00,0.004,0.8,0.012,0.042,31,36,15,18,70,2,1,1,1,2,2,2,2,1
348,종로구,2019-11-22 16:00,0.004,0.6,0.022,0.028,29,38,14,19,59,2,1,1,1,1,2,2,1,1
349,종로구,2019-11-22 15:00,0.004,0.6,0.021,0.029,33,41,18,20,61,2,1,1,1,1,2,2,2,2
350,종로구,2019-11-22 14:00,0.005,0.6,0.017,0.032,37,43,18,21,64,2,1,1,1,2,2,2,2,2
351,종로구,2019-11-22 13:00,0.004,0.8,0.012,0.037,39,43,19,21,64,2,1,1,1,2,2,2,2,2
352,종로구,2019-11-22 12:00,0.005,0.8,0.008,0.041,49,44,21,22,68,2,1,1,1,2,2,2,2,2
353,종로구,2019-11-22 11:00,0.005,1.0,0.006,0.041,46,43,21,22,68,2,1,1,1,2,2,2,2,2
354,종로구,2019-11-22 10:00,0.005,0.9,0.004,0.041,42,43,22,23,69,2,1,1,1,2,2,2,2,2
355,종로구,2019-11-22 09:00,0.004,1.0,0.003,0.047,44,43,22,23,78,2,1,1,1,2,2,2,2,2
356,종로구,2019-11-22 08:00,0.004,1.0,0.002,0.046,44,43,26,23,76,2,1,1,1,2,2,2,2,2
357,종로구,2019-11-22 07:00,0.004,0.9,0.002,0.046,46,42,25,22,76,2,1,1,1,2,2,2,2,2
358,종로구,2019-11-22 06:00,0.004,0.9,0.002,0.045,43,41,24,21,75,2,1,1,1,2,2,2,2,2
359,종로구,2019-11-22 05:00,0.004,0.9,0.002,0.046,43,40,22,20,76,2,1,1,1,2,2,2,2,2
360,종로구,2019-11-22 04:00,0.004,0.8,0.002,0.047,40,39,20,19,78,2,1,1,1,2,2,2,2,2
361,종로구,2019-11-22 03:00,0.004,0.8,0.002,0.043,38,39,19,19,71,2,1,1,1,2,2,2,2,2
362,종로구,2019-11-22 02:00,0.004,0.6,0.005,0.037,36,39,18,19,61,2,1,1,1,2,2,2,2,2
363,종로구,2019-11-22 01:00,0.004,0.6,0.004,0.039,39,40,19,19,65,2,1,1,1,2,2,2,2,2
364,종로구,2019-11-21 24:00,0.004,0.9,0.002,0.047,40,40,19,19,78,2,1,1,1,2,2,2,2,2
365,종로구,2019-11-21 23:00,0.004,0.8,0.002,0.049,42,40,21,19,81,2,1,1,1,2,2,2,2,2
366,종로구,2019-11-21 22:00,0.004,0.8,0.002,0.050,41,40,19,19,83,2,1,1,1,2,2,2,2,2
367,종로구,2019-11-21 21:00,0.004,0.9,0.002,0.052,44,39,21,19,86,2,1,1,1,2,2,2,2,2
368,종로구,2019-11-21 20:00,0.004,0.9,0.002,0.052,41,38,20,19,86,2,1,1,1,2,2,2,2,2
369,종로구,2019-11-21 19:00,0.004,0.8,0.002,0.048,41,37,21,18,80,2,1,1,1,2,2,2,2,2
370,종로구,2019-11-21 18:00,0.004,0.7,0.003,0.044,37,36,17,18,73,2,1,1,1,2,2,2,2,2
371,종로구,2019-11-21 17:00,0.004,0.7,0.006,0.039,38,35,17,18,65,2,1,1,1,2,2,2,2,2
372,종로구,2019-11-21 16:00,0.005,0.6,0.009,0.035,37,35,16,18,58,2,1,1,1,2,2,2,2,2
373,종로구,2019-11-21 15:00,0.004,0.6,0.010,0.036,38,33,18,18,59,2,1,1,1,2,2,2,2,2
374,종로구,2019-11-21 14:00,0.004,0.6,0.012,0.031,35,32,18,18,56,2,1,1,1,2,2,2,2,2
375,종로구,2019-11-21 13:00,0.004,0.6,0.010,0.033,34,32,19,19,59,2,1,1,1,2,2,2,2,2
376,종로구,2019-11-21 12:00,0.004,0.6,0.009,0.033,30,32,16,19,59,2,1,1,1,2,2,2,1,2
377,종로구,2019-11-21 11:00,0.004,0.7,0.006,0.037,32,32,18,20,61,2,1,1,1,2,2,2,2,2
378,종로구,2019-11-21 10:00,0.003,0.8,0.004,0.039,35,31,21,20,65,2,1,1,1,2,2,2,2,2
379,종로구,2019-11-21 09:00,0.004,1.0,0.003,0.046,34,30,23,19,76,2,1,1,1,2,1,2,2,2
380,종로구,2019-11-21 08:00,0.003,0.9,0.002,0.043,31,30,20,19,71,2,1,1,1,2,1,2,2,2
381,종로구,2019-11-21 07:00,0.003,0.8,0.002,0.041,33,29,22,18,68,2,1,1,1,2,1,2,2,2
382,종로구,2019-11-21 06:00,0.003,0.9,0.002,0.042,30,27,19,16,70,2,1,1,1,2,1,2,1,2
383,종로구,2019-11-21 05:00,0.004,0.8,0.002,0.043,30,26,18,16,71,2,1,1,1,2,1,2,1,2
384,종로구,2019-11-21 04:00,0.003,0.8,0.002,0.044,27,26,17,15,73,2,1,1,1,2,1,1,1,2
385,종로구,2019-11-21 03:00,0.003,0.8,0.002,0.045,27,25,15,15,75,2,1,1,1,2,1,1,1,1
386,종로구,2019-11-21 02:00,0.003,0.8,0.002,0.046,30,25,18,15,76,2,1,1,1,2,1,1,1,2
387,종로구,2019-11-21 01:00,0.004,1.0,0.002,0.054,30,24,17,14,90,2,1,1,1,2,1,1,1,2
388,종로구,2019-11-20 24:00,0.003,0.9,0.002,0.052,24,23,14,14,86,2,1,1,1,2,1,1,1,1
389,종로구,2019-11-20 23:00,0.003,0.9,0.002,0.050,25,22,15,13,83,2,1,1,1,2,1,1,1,1
390,종로구,2019-11-20 22:00,0.003,0.9,0.002,0.049,25,21,15,13,81,2,1,1,1,2,1,1,1,1
391,종로구,2019-11-20 21:00,0.003,0.9,0.002,0.048,27,19,17,11,80,2,1,1,1,2,1,1,1,2
392,종로구,2019-11-20 20:00,0.003,0.7,0.006,0.038,19,18,10,10,63,2,1,1,1,2,1,1,1,1
393,종로구,2019-11-20 19:00,0.003,0.6,0.008,0.035,16,18,12,11,58,2,1,1,1,2,1,1,1,1
394,종로구,2019-11-20 18:00,0.003,0.6,0.014,0.027,10,20,5,11,45,1,1,1,1,1,1,1,1,1
395,종로구,2019-11-20 17:00,0.003,0.5,0.016,0.028,23,21,13,12,47,1,1,1,1,1,1,1,1,1
396,종로구,2019-11-20 16:00,0.004,0.5,0.020,0.022,20,21,11,11,37,1,1,1,1,1,1,1,1,1
397,종로구,2019-11-20 15:00,0.003,0.4,0.021,0.019,26,21,17,11,37,1,1,1,1,1,1,1,1,2
398,종로구,2019-11-20 14:00,0.003,0.4,0.021,0.017,19,19,12,10,35,1,1,1,1,1,1,1,1,1
399,종로구,2019-11-20 13:00,0.003,0.4,0.018,0.020,20,20,9,10,33,1,1,1,1,1,1,1,1,1
400,종로구,2019-11-20 12:00,0.004,0.5,0.017,0.022,20,20,11,10,37,1,1,1,1,1,1,1,1,1
401,종로구,2019-11-20 11:00,0.004,0.5,0.019,0.018,18,20,10,10,33,1,1,1,1,1,1,1,1,1
402,종로구,2019-11-20 10:00,0.004,0.5,0.017,0.021,20,21,10,10,35,1,1,1,1,1,1,1,1,1
403,종로구,2019-11-20 09:00,0.003,0.6,0.008,0.031,21,21,8,10,51,2,1,1,1,2,1,1,1,1
404,종로구,2019-11-20 08:00,0.004,0.6,0.004,0.037,21,21,11,10,61,2,1,1,1,2,1,1,1,1
405,종로구,2019-11-20 07:00,0.003,0.5,0.008,0.028,21,21,11,9,47,1,1,1,1,1,1,1,1,1
406,종로구,2019-11-20 06:00,0.003,0.4,0.014,0.020,18,21,8,10,35,1,1,1,1,1,1,1,1,1
407,종로구,2019-11-20 05:00,0.004,0.4,0.017,0.016,16,23,10,10,38,1,1,1,1,1,1,1,1,1
408,종로구,2019-11-20 04:00,0.003,0.4,0.016,0.018,17,24,8,10,40,1,1,1,1,1,1,1,1,1
409,종로구,2019-11-20 03:00,0.003,0.5,0.013,0.021,22,25,12,10,42,1,1,1,1,1,1,1,1,1
410,종로구,2019-11-20 02:00,0.003,0.4,0.017,0.015,24,27,9,10,45,1,1,1,1,1,1,1,1,1
411,종로구,2019-11-20 01:00,0.003,0.4,0.019,0.013,21,27,10,10,45,1,1,1,1,1,1,1,1,1
412,종로구,2019-11-19 24:00,0.003,0.4,0.022,0.010,21,29,7,10,48,1,1,1,1,1,1,1,1,1
413,종로구,2019-11-19 23:00,0.003,0.4,0.021,0.012,27,31,10,10,51,2,1,1,1,1,2,1,1,1
414,종로구,2019-11-19 22:00,0.003,0.4,0.019,0.015,28,31,10,10,51,2,1,1,1,1,2,1,1,1
415,종로구,2019-11-19 21:00,0.003,0.5,0.017,0.019,31,32,9,10,52,2,1,1,1,1,2,1,2,1
416,종로구,2019-11-19 20:00,0.003,0.4,0.015,0.023,31,32,11,11,52,2,1,1,1,1,2,1,2,1
417,종로구,2019-11-19 19:00,0.003,0.5,0.013,0.025,32,32,10,10,52,2,1,1,1,1,2,1,2,1
418,종로구,2019-11-19 18:00,0.003,0.4,0.019,0.019,34,32,12,10,52,2,1,1,1,1,2,1,2,1
419,종로구,2019-11-19 17:00,0.003,0.4,0.021,0.016,38,31,11,10,51,2,1,1,1,1,2,1,2,1
420,종로구,2019-11-19 16:00,0.004,0.3,0.024,0.011,34,29,9,10,48,1,1,1,1,1,1,1,2,1
421,종로구,2019-11-19 15:00,0.004,0.4,0.024,0.012,36,28,13,10,47,1,1,1,1,1,1,1,2,1
422,종로구,2019-11-19 14:00,0.003,0.4,0.024,0.010,29,27,10,9,45,1,1,1,1,1,1,1,1,1
423,종로구,2019-11-19 13:00,0.004,0.3,0.023,0.012,33,26,11,9,43,1,1,1,1,1,1,1,2,1
424,종로구,2019-11-19 12:00,0.003,0.4,0.018,0.017,28,24,11,9,40,1,1,1,1,1,1,1,1,1
425,종로구,2019-11-19 11:00,0.004,0.4,0.020,0.013,25,23,9,8,38,1,1,1,1,1,1,1,1,1
426,종로구,2019-11-19 10:00,0.003,0.4,0.020,0.014,22,23,8,8,38,1,1,1,1,1,1,1,1,1
427,종로구,2019-11-19 09:00,0.003,0.4,0.010,0.025,20,23,8,7,42,1,1,1,1,1,1,1,1,1
428,종로구,2019-11-19 08:00,0.003,0.4,0.012,0.021,20,23,7,8,38,1,1,1,1,1,1,1,1,1
429,종로구,2019-11-19 07:00,0.003,0.4,0.017,0.015,19,25,6,8,42,1,1,1,1,1,1,1,1,1
430,종로구,2019-11-19 06:00,0.003,0.3,0.020,0.009,17,28,7,8,47,1,1,1,1,1,1,1,1,1
431,종로구,2019-11-19 05:00,0.003,0.3,0.022,0.006,22,33,8,9,53,2,1,1,1,1,2,1,1,1
432,종로구,2019-11-19 04:00,0.003,0.3,0.022,0.007,29,41,10,9,61,2,1,1,1,1,2,1,1,1
433,종로구,2019-11-19 03:00,0.002,0.3,0.022,0.008,29,48,8,10,68,2,1,1,1,1,2,1,1,1
434,종로구,2019-11-19 02:00,0.003,0.3,0.021,0.011,28,54,8,10,74,2,1,1,1,1,2,1,1,1
435,종로구,2019-11-19 01:00,0.003,0.3,0.021,0.013,29,59,8,11,79,2,1,1,1,1,2,1,1,1
436,종로구,2019-11-18 24:00,0.002,0.3,0.019,0.016,31,64,8,11,84,2,1,1,1,1,2,1,2,1
437,종로구,2019-11-18 23:00,0.003,0.3,0.019,0.016,34,69,9,12,89,2,1,1,1,1,2,1,2,1
438,종로구,2019-11-18 22:00,0.003,0.4,0.017,0.018,36,75,8,12,95,2,1,1,1,1,2,1,2,1
439,종로구,2019-11-18 21:00,0.003,0.4,0.018,0.020,35,82,10,13,103,3,1,1,1,1,3,1,2,1
440,종로구,2019-11-18 20:00,0.003,0.4,0.019,0.017,36,102,8,15,146,3,1,1,1,1,3,1,2,1
441,종로구,2019-11-18 19:00,0.003,0.4,0.019,0.017,55,114,11,16,172,3,1,1,1,1,3,2,2,1
442,종로구,2019-11-18 18:00,0.003,0.4,0.020,0.017,111,119,15,17,183,3,1,1,1,1,3,2,3,1
443,종로구,2019-11-18 17:00,0.003,0.4,0.018,0.018,193,123,20,17,192,3,1,1,1,1,3,2,4,2
444,종로구,2019-11-18 16:00,0.003,0.4,0.021,0.012,181,108,21,16,159,3,1,1,1,1,3,2,4,2
445,종로구,2019-11-18 15:00,0.003,0.4,0.021,0.013,154,103,20,15,149,3,1,1,1,1,3,1,4,2
446,종로구,2019-11-18 14:00,0.003,0.3,0.023,0.010,129,93,16,14,127,3,1,1,1,1,3,1,3,2
447,종로구,2019-11-18 13:00,0.003,0.3,0.023,0.011,136,81,18,14,101,3,1,1,1,1,3,1,3,2
448,종로구,2019-11-18 12:00,0.003,0.4,0.020,0.013,133,62,17,12,82,2,1,1,1,1,2,1,3,2
449,종로구,2019-11-18 11:00,0.003,0.3,0.020,0.014,117,43,18,11,63,2,1,1,1,1,2,1,3,2
450,종로구,2019-11-18 10:00,0.004,0.4,0.018,0.016,67,26,13,9,43,1,1,1,1,1,1,1,2,1
451,종로구,2019-11-18 09:00,0.003,0.5,0.013,0.022,28,16,11,8,37,1,1,1,1,1,1,1,1,1
452,종로구,2019-11-18 08:00,0.003,0.5,0.012,0.020,19,13,9,7,33,1,1,1,1,1,1,1,1,1
453,종로구,2019-11-18 07:00,0.003,0.5,0.017,0.015,15,11,10,7,28,1,1,1,1,1,1,1,1,1
454,종로구,2019-11-18 06:00,0.003,0.5,0.023,0.009,10,10,6,7,38,1,1,1,1,1,1,1,1,1
455,종로구,2019-11-18 05:00,0.003,0.4,0.027,0.007,9,13,5,7,45,1,1,1,1,1,1,1,1,1
456,종로구,2019-11-18 04:00,0.003,0.4,0.030,0.008,6,15,5,7,50,1,1,1,1,1,1,1,1,1
457,종로구,2019-11-18 03:00,0.003,0.3,0.033,0.007,9,16,9,8,53,2,1,1,2,1,1,1,1,1
458,종로구,2019-11-18 02:00,0.003,0.4,0.027,0.012,28,17,5,8,45,1,1,1,1,1,1,1,1,1
459,종로구,2019-11-18 01:00,0.004,0.6,0.009,0.034,20,15,7,8,56,2,1,1,1,2,1,1,1,1
460,종로구,2019-11-17 24:00,0.002,0.7,0.002,0.044,9,14,7,9,73,2,1,1,1,2,1,1,1,1
461,종로구,2019-11-17 23:00,0.003,0.6,0.003,0.043,10,16,7,9,71,2,1,1,1,2,1,1,1,1
462,종로구,2019-11-17 22:00,0.003,0.5,0.008,0.037,9,17,5,10,61,2,1,1,1,2,1,1,1,1
463,종로구,2019-11-17 21:00,0.003,0.5,0.012,0.032,10,19,8,11,53,2,1,1,1,2,1,1,1,1
464,종로구,2019-11-17 20:00,0.003,0.5,0.014,0.031,13,21,8,12,51,2,1,1,1,2,1,1,1,1
465,종로구,2019-11-17 19:00,0.003,0.5,0.016,0.029,16,24,9,13,48,1,1,1,1,1,1,1,1,1
466,종로구,2019-11-17 18:00,0.003,0.5,0.019,0.024,18,26,9,14,47,1,1,1,1,1,1,1,1,1
467,종로구,2019-11-17 17:00,0.003,0.4,0.020,0.024,22,28,13,16,51,2,1,1,1,1,1,2,1,1
468,종로구,2019-11-17 16:00,0.003,0.5,0.012,0.034,26,30,14,17,56,2,1,1,1,2,1,2,1,1
469,종로구,2019-11-17 15:00,0.003,0.6,0.006,0.041,31,31,16,17,68,2,1,1,1,2,2,2,2,2
470,종로구,2019-11-17 14:00,0.003,0.6,0.009,0.039,33,31,18,17,65,2,1,1,1,2,2,2,2,2
471,종로구,2019-11-17 13:00,0.003,0.6,0.006,0.044,35,29,19,17,73,2,1,1,1,2,1,2,2,2
472,종로구,2019-11-17 12:00,0.003,0.6,0.006,0.043,31,28,16,17,71,2,1,1,1,2,1,2,2,2
473,종로구,2019-11-17 11:00,0.004,0.5,0.011,0.034,29,28,15,17,56,2,1,1,1,2,1,2,1,1
474,종로구,2019-11-17 10:00,0.003,0.5,0.008,0.031,26,29,14,19,59,2,1,1,1,2,1,2,1,1
475,종로구,2019-11-17 09:00,0.004,0.5,0.005,0.031,25,30,15,20,61,2,1,1,1,2,1,2,1,1
476,종로구,2019-11-17 08:00,0.003,0.7,0.002,0.035,27,32,17,22,66,2,1,1,1,2,2,2,1,2
477,종로구,2019-11-17 07:00,0.004,0.7,0.002,0.034,27,33,18,23,69,2,1,1,1,2,2,2,1,2
478,종로구,2019-11-17 06:00,0.003,0.7,0.002,0.034,29,34,19,23,69,2,1,1,1,2,2,2,1,2
479,종로구,2019-11-17 05:00,0.004,1.1,0.002,0.041,33,34,24,24,72,2,1,1,1,2,2,2,2,2
480,종로구,2019-11-17 04:00,0.004,0.9,0.002,0.039,27,35,18,24,72,2,1,1,1,2,2,2,1,2
481,종로구,2019-11-17 03:00,0.003,0.8,0.002,0.037,26,37,18,25,74,2,1,1,1,2,2,2,1,2
482,종로구,2019-11-17 02:00,0.004,0.8,0.002,0.038,28,40,20,26,77,2,1,1,1,2,2,2,1,2
483,종로구,2019-11-17 01:00,0.004,1.1,0.002,0.048,38,42,27,27,80,2,1,1,1,2,2,2,2,2
484,종로구,2019-11-16 24:00,0.004,1.3,0.002,0.053,42,42,30,26,88,2,1,1,1,2,2,2,2,2
485,종로구,2019-11-16 23:00,0.004,1.4,0.002,0.055,49,43,35,26,92,2,1,1,1,2,2,2,2,2
486,종로구,2019-11-16 22:00,0.004,1.4,0.002,0.055,47,42,33,25,92,2,1,1,1,2,2,2,2,2
487,종로구,2019-11-16 21:00,0.004,1.3,0.002,0.055,46,40,34,24,92,2,1,1,1,2,2,2,2,2
488,종로구,2019-11-16 20:00,0.004,1.2,0.002,0.056,52,38,38,25,93,2,1,1,1,2,2,2,2,3
489,종로구,2019-11-16 19:00,0.004,1.1,0.002,0.055,45,34,30,22,92,2,1,1,1,2,2,2,2,2
490,종로구,2019-11-16 18:00,0.003,0.9,0.002,0.054,36,31,26,21,90,2,1,1,1,2,2,2,2,2
491,종로구,2019-11-16 17:00,0.003,0.8,0.005,0.047,36,30,24,20,78,2,1,1,1,2,1,2,2,2
492,종로구,2019-11-16 16:00,0.003,0.6,0.010,0.039,29,28,20,18,65,2,1,1,1,2,1,2,1,2
493,종로구,2019-11-16 15:00,0.003,0.7,0.012,0.036,33,27,22,18,59,2,1,1,1,2,1,2,2,2
494,종로구,2019-11-16 14:00,0.003,0.6,0.012,0.034,28,26,18,17,56,2,1,1,1,2,1,2,1,2
495,종로구,2019-11-16 13:00,0.003,0.5,0.015,0.024,22,27,14,17,54,2,1,1,1,1,1,2,1,1
496,종로구,2019-11-16 12:00,0.003,0.5,0.010,0.028,22,28,14,18,56,2,1,1,1,1,1,2,1,1
497,종로구,2019-11-16 11:00,0.003,0.5,0.007,0.030,30,29,18,18,56,2,1,1,1,1,1,2,1,2
498,종로구,2019-11-16 10:00,0.003,0.7,0.004,0.031,34,28,20,18,56,2,1,1,1,2,1,2,2,2
499,종로구,2019-11-16 09:00,0.003,0.7,0.003,0.032,33,26,20,18,56,2,1,1,1,2,1,2,2,2
500,종로구,2019-11-16 08:00,0.003,0.7,0.002,0.032,24,26,17,18,56,2,1,1,1,2,1,2,1,2
501,종로구,2019-11-16 07:00,0.003,0.6,0.002,0.031,25,26,17,18,56,2,1,1,1,2,1,2,1,2
502,종로구,2019-11-16 06:00,0.003,0.6,0.002,0.033,25,26,19,18,56,2,1,1,1,2,1,2,1,2
503,종로구,2019-11-16 05:00,0.003,0.7,0.002,0.035,28,26,20,17,58,2,1,1,1,2,1,2,1,2
504,종로구,2019-11-16 04:00,0.003,0.7,0.002,0.038,26,25,18,17,63,2,1,1,1,2,1,2,1,2
505,종로구,2019-11-16 03:00,0.003,0.8,0.002,0.041,27,24,16,16,68,2,1,1,1,2,1,2,1,2
506,종로구,2019-11-16 02:00,0.003,0.9,0.002,0.045,25,24,16,16,75,2,1,1,1,2,1,2,1,2
507,종로구,2019-11-16 01:00,0.003,0.8,0.002,0.045,24,24,16,16,75,2,1,1,1,2,1,2,1,2
508,종로구,2019-11-15 24:00,0.003,0.7,0.002,0.042,21,24,15,16,70,2,1,1,1,2,1,2,1,1
509,종로구,2019-11-15 23:00,0.003,0.7,0.002,0.044,28,25,16,17,73,2,1,1,1,2,1,2,1,2
510,종로구,2019-11-15 22:00,0.004,0.8,0.002,0.047,26,24,19,17,78,2,1,1,1,2,1,2,1,2
511,종로구,2019-11-15 21:00,0.004,0.9,0.002,0.047,27,23,19,16,78,2,1,1,1,2,1,2,1,2
512,종로구,2019-11-15 20:00,0.003,0.8,0.002,0.048,25,22,18,15,80,2,1,1,1,2,1,1,1,2
513,종로구,2019-11-15 19:00,0.004,0.9,0.002,0.046,23,21,17,14,76,2,1,1,1,2,1,1,1,2
514,종로구,2019-11-15 18:00,0.004,0.9,0.002,0.044,22,21,16,14,73,2,1,1,1,2,1,1,1,2
515,종로구,2019-11-15 17:00,0.004,0.8,0.002,0.043,24,21,14,13,71,2,1,1,1,2,1,1,1,1
516,종로구,2019-11-15 16:00,0.003,0.8,0.002,0.042,20,20,15,13,70,2,1,1,1,2,1,1,1,1
517,종로구,2019-11-15 15:00,0.003,0.8,0.003,0.044,22,21,15,12,73,2,1,1,1,2,1,1,1,1
518,종로구,2019-11-15 14:00,0.003,0.9,0.003,0.044,20,21,13,12,73,2,1,1,1,2,1,1,1,1
519,종로구,2019-11-15 13:00,0.003,0.8,0.003,0.042,19,21,11,11,70,2,1,1,1,2,1,1,1,1
520,종로구,2019-11-15 12:00,0.003,0.8,0.002,0.043,22,21,14,11,71,2,1,1,1,2,1,1,1,1
521,종로구,2019-11-15 11:00,0.003,0.7,0.003,0.044,21,20,12,10,73,2,1,1,1,2,1,1,1,1
522,종로구,2019-11-15 10:00,0.003,0.7,0.003,0.044,17,21,11,10,73,2,1,1,1,2,1,1,1,1
523,종로구,2019-11-15 09:00,0.003,0.7,0.002,0.043,20,22,9,10,71,2,1,1,1,2,1,1,1,1
524,종로구,2019-11-15 08:00,0.002,0.5,0.002,0.040,13,22,8,10,66,2,1,1,1,2,1,1,1,1
525,종로구,2019-11-15 07:00,0.003,0.5,0.002,0.041,27,24,11,10,68,2,1,1,1,2,1,1,1,1
526,종로구,2019-11-15 06:00,0.003,0.5,0.005,0.036,23,23,9,10,59,2,1,1,1,2,1,1,1,1
527,종로구,2019-11-15 05:00,0.003,0.4,0.007,0.035,22,23,10,10,58,2,1,1,1,2,1,1,1,1
528,종로구,2019-11-15 04:00,0.004,0.5,0.002,0.042,21,24,9,10,70,2,1,1,1,2,1,1,1,1
529,종로구,2019-11-15 03:00,0.003,0.5,0.002,0.043,22,24,10,10,71,2,1,1,1,2,1,1,1,1
530,종로구,2019-11-15 02:00,0.003,0.6,0.002,0.044,28,25,12,10,73,2,1,1,1,2,1,1,1,1
531,종로구,2019-11-15 01:00,0.004,0.6,0.002,0.047,25,24,11,10,78,2,1,1,1,2,1,1,1,1
532,종로구,2019-11-14 24:00,0.004,0.5,0.002,0.044,23,24,9,9,73,2,1,1,1,2,1,1,1,1
533,종로구,2019-11-14 23:00,0.004,0.5,0.002,0.046,27,24,12,9,76,2,1,1,1,2,1,1,1,1
534,종로구,2019-11-14 22:00,0.003,0.4,0.003,0.042,24,23,10,8,70,2,1,1,1,2,1,1,1,1
535,종로구,2019-11-14 21:00,0.003,0.4,0.003,0.043,25,23,10,8,71,2,1,1,1,2,1,1,1,1
536,종로구,2019-11-14 20:00,0.003,0.5,0.003,0.042,23,22,8,7,70,2,1,1,1,2,1,1,1,1
537,종로구,2019-11-14 19:00,0.003,0.5,0.007,0.037,22,21,9,7,61,2,1,1,1,2,1,1,1,1
538,종로구,2019-11-14 18:00,0.003,0.4,0.014,0.028,22,21,9,6,47,1,1,1,1,1,1,1,1,1
539,종로구,2019-11-14 17:00,0.003,0.4,0.021,0.017,21,22,7,6,37,1,1,1,1,1,1,1,1,1
540,종로구,2019-11-14 16:00,0.003,0.3,0.025,0.010,19,22,4,5,42,1,1,1,1,1,1,1,1,1
541,종로구,2019-11-14 15:00,0.003,0.3,0.025,0.012,23,21,7,6,42,1,1,1,1,1,1,1,1,1
542,종로구,2019-11-14 14:00,0.003,0.3,0.025,0.010,33,21,6,6,42,1,1,1,1,1,1,1,2,1
543,종로구,2019-11-14 13:00,0.003,0.3,0.025,0.010,25,18,5,6,42,1,1,1,1,1,1,1,1,1
544,종로구,2019-11-14 12:00,0.003,0.3,0.024,0.009,19,17,7,5,40,1,1,1,1,1,1,1,1,1
545,종로구,2019-11-14 11:00,0.003,0.3,0.023,0.010,21,16,7,5,38,1,1,1,1,1,1,1,1,1
546,종로구,2019-11-14 10:00,0.003,0.3,0.023,0.010,17,14,6,4,38,1,1,1,1,1,1,1,1,1
547,종로구,2019-11-14 09:00,0.002,0.3,0.020,0.013,16,14,3,4,33,1,1,1,1,1,1,1,1,1
548,종로구,2019-11-14 08:00,0.002,0.3,0.020,0.014,13,13,3,4,33,1,1,1,1,1,1,1,1,1
549,종로구,2019-11-14 07:00,0.002,0.3,0.022,0.009,11,13,4,5,37,1,1,1,1,1,1,1,1,1
550,종로구,2019-11-14 06:00,0.002,0.3,0.024,0.008,11,13,3,5,40,1,1,1,1,1,1,1,1,1
551,종로구,2019-11-14 05:00,0.002,0.3,0.025,0.006,11,14,4,5,42,1,1,1,1,1,1,1,1,1
552,종로구,2019-11-14 04:00,0.002,0.3,0.025,0.006,11,16,4,6,42,1,1,1,1,1,1,1,1,1
553,종로구,2019-11-14 03:00,0.003,0.3,0.025,0.006,15,18,6,7,42,1,1,1,1,1,1,1,1,1
554,종로구,2019-11-14 02:00,0.003,0.3,0.027,0.006,19,19,5,8,45,1,1,1,1,1,1,1,1,1
555,종로구,2019-11-14 01:00,0.003,0.3,0.025,0.008,19,20,8,9,42,1,1,1,1,1,1,1,1,1
556,종로구,2019-11-13 24:00,0.003,0.3,0.022,0.010,16,20,6,9,37,1,1,1,1,1,1,1,1,1
557,종로구,2019-11-13 23:00,0.003,0.3,0.022,0.010,17,22,6,10,37,1,1,1,1,1,1,1,1,1
558,종로구,2019-11-13 22:00,0.003,0.3,0.021,0.011,15,23,7,12,40,1,1,1,1,1,1,1,1,1
559,종로구,2019-11-13 21:00,0.003,0.3,0.020,0.014,13,23,3,13,43,1,1,1,1,1,1,1,1,1
560,종로구,2019-11-13 20:00,0.004,0.4,0.015,0.019,14,26,7,15,50,1,1,1,1,1,1,1,1,1
561,종로구,2019-11-13 19:00,0.003,0.5,0.013,0.019,15,32,8,17,54,2,1,1,1,1,2,2,1,1
562,종로구,2019-11-13 18:00,0.003,0.5,0.016,0.017,10,35,9,19,59,2,1,1,1,1,2,2,1,1
563,종로구,2019-11-13 17:00,0.003,0.6,0.018,0.022,29,39,16,21,64,2,1,1,1,1,2,2,1,2
564,종로구,2019-11-13 16:00,0.004,0.5,0.011,0.036,52,42,19,22,66,2,1,1,1,2,2,2,2,2
565,종로구,2019-11-13 15:00,0.004,0.5,0.010,0.040,35,42,18,23,69,2,1,1,1,2,2,2,2,2
566,종로구,2019-11-13 14:00,0.004,0.5,0.010,0.037,34,43,19,24,72,2,1,1,1,2,2,2,2,2
567,종로구,2019-11-13 13:00,0.004,0.9,0.005,0.045,54,44,34,25,75,2,1,1,1,2,2,2,2,2
568,종로구,2019-11-13 12:00,0.005,1.1,0.002,0.046,54,42,33,24,76,2,1,1,1,2,2,2,2,2
569,종로구,2019-11-13 11:00,0.004,1.0,0.002,0.044,47,39,30,24,73,2,1,1,1,2,2,2,2,2
570,종로구,2019-11-13 10:00,0.004,1.0,0.002,0.041,42,37,26,24,72,2,1,1,1,2,2,2,2,2
571,종로구,2019-11-13 09:00,0.004,1.1,0.002,0.041,38,36,24,23,69,2,1,1,1,2,2,2,2,2
572,종로구,2019-11-13 08:00,0.004,0.9,0.002,0.040,34,36,23,23,69,2,1,1,1,2,2,2,2,2
573,종로구,2019-11-13 07:00,0.004,0.8,0.002,0.039,33,37,21,23,69,2,1,1,1,2,2,2,2,2
574,종로구,2019-11-13 06:00,0.004,0.7,0.002,0.037,32,37,21,24,72,2,1,1,1,2,2,2,2,2
575,종로구,2019-11-13 05:00,0.004,0.7,0.002,0.038,35,39,22,25,74,2,1,1,1,2,2,2,2,2
576,종로구,2019-11-13 04:00,0.003,0.8,0.002,0.041,33,40,21,25,74,2,1,1,1,2,2,2,2,2
577,종로구,2019-11-13 03:00,0.004,0.9,0.002,0.046,36,41,23,26,77,2,1,1,1,2,2,2,2,2
578,종로구,2019-11-13 02:00,0.004,1.0,0.002,0.053,36,42,23,27,88,2,1,1,1,2,2,2,2,2
579,종로구,2019-11-13 01:00,0.005,1.2,0.002,0.060,40,44,27,28,100,2,1,1,1,2,2,2,2,2
580,종로구,2019-11-12 24:00,0.004,1.1,0.002,0.059,40,46,26,27,98,2,1,1,1,2,2,2,2,2
581,종로구,2019-11-12 23:00,0.005,1.2,0.002,0.061,45,47,28,27,101,3,1,1,1,3,2,2,2,2
582,종로구,2019-11-12 22:00,0.005,1.2,0.002,0.064,45,47,28,27,104,3,1,1,1,3,2,2,2,2
583,종로구,2019-11-12 21:00,0.005,1.1,0.002,0.063,55,47,35,26,103,3,1,1,1,3,2,2,2,2
584,종로구,2019-11-12 20:00,0.004,1.2,0.002,0.063,48,46,30,26,103,3,1,1,1,3,2,2,2,2
585,종로구,2019-11-12 19:00,0.004,1.0,0.002,0.060,45,44,28,25,100,2,1,1,1,2,2,2,2,2
586,종로구,2019-11-12 18:00,0.004,0.8,0.002,0.058,49,43,30,25,97,2,1,1,1,2,2,2,2,2
587,종로구,2019-11-12 17:00,0.004,0.8,0.004,0.060,49,41,29,24,100,2,1,1,1,2,2,2,2,2
588,종로구,2019-11-12 16:00,0.004,0.7,0.006,0.054,42,40,25,23,90,2,1,1,1,2,2,2,2,2
589,종로구,2019-11-12 15:00,0.004,0.7,0.008,0.047,39,39,25,23,78,2,1,1,1,2,2,2,2,2
590,종로구,2019-11-12 14:00,0.004,0.8,0.007,0.048,42,40,25,23,80,2,1,1,1,2,2,2,2,2
591,종로구,2019-11-12 13:00,0.004,0.9,0.008,0.045,45,39,23,22,75,2,1,1,1,2,2,2,2,2
592,종로구,2019-11-12 12:00,0.004,0.9,0.006,0.044,43,37,23,21,73,2,1,1,1,2,2,2,2,2
593,종로구,2019-11-12 11:00,0.004,1.0,0.004,0.046,46,35,28,21,76,2,1,1,1,2,2,2,2,2
594,종로구,2019-11-12 10:00,0.004,1.1,0.004,0.044,39,32,22,19,73,2,1,1,1,2,2,2,2,2
595,종로구,2019-11-12 09:00,0.003,1.0,0.003,0.041,35,30,20,18,68,2,1,1,1,2,1,2,2,2
596,종로구,2019-11-12 08:00,0.003,0.8,0.002,0.039,31,29,19,18,65,2,1,1,1,2,1,2,2,2
597,종로구,2019-11-12 07:00,0.003,0.9,0.002,0.038,30,29,20,18,63,2,1,1,1,2,1,2,1,2
598,종로구,2019-11-12 06:00,0.003,0.8,0.002,0.038,27,29,16,17,63,2,1,1,1,2,1,2,1,2
599,종로구,2019-11-12 05:00,0.003,0.7,0.003,0.035,27,29,18,18,58,2,1,1,1,2,1,2,1,2
600,종로구,2019-11-12 04:00,0.003,0.5,0.008,0.030,26,30,16,18,56,2,1,1,1,1,1,2,1,2
601,종로구,2019-11-12 03:00,0.003,0.5,0.012,0.026,29,31,17,18,56,2,1,1,1,1,2,2,1,2
602,종로구,2019-11-12 02:00,0.003,0.6,0.009,0.030,28,30,17,18,56,2,1,1,1,1,1,2,1,2
603,종로구,2019-11-12 01:00,0.003,0.6,0.007,0.034,32,31,17,18,56,2,1,1,1,2,2,2,2,2
604,종로구,2019-11-11 24:00,0.003,0.5,0.014,0.026,32,31,17,18,56,2,1,1,1,1,2,2,2,2
605,종로구,2019-11-11 23:00,0.003,0.5,0.020,0.019,28,30,19,19,59,2,1,1,1,1,1,2,1,2
606,종로구,2019-11-11 22:00,0.003,0.5,0.019,0.023,34,31,19,18,56,2,1,1,1,1,2,2,2,2
607,종로구,2019-11-11 21:00,0.003,0.6,0.023,0.020,35,29,20,18,56,2,1,1,1,1,1,2,2,2
608,종로구,2019-11-11 20:00,0.004,0.7,0.017,0.032,36,28,21,17,54,2,1,1,1,2,1,2,2,2
609,종로구,2019-11-11 19:00,0.003,0.7,0.020,0.031,34,26,20,16,51,2,1,1,1,2,1,2,2,2
610,종로구,2019-11-11 18:00,0.003,0.6,0.023,0.027,30,24,19,15,50,1,1,1,1,1,1,1,1,2
611,종로구,2019-11-11 17:00,0.003,0.6,0.027,0.020,29,23,19,15,50,1,1,1,1,1,1,1,1,2
612,종로구,2019-11-11 16:00,0.004,0.5,0.032,0.015,26,21,17,14,52,2,1,1,2,1,1,1,1,2
613,종로구,2019-11-11 15:00,0.004,0.5,0.034,0.013,25,19,15,13,53,2,1,1,2,1,1,1,1,1
614,종로구,2019-11-11 14:00,0.003,0.5,0.033,0.012,22,18,15,12,53,2,1,1,2,1,1,1,1,1
615,종로구,2019-11-11 13:00,0.004,0.5,0.030,0.013,15,17,13,11,50,1,1,1,1,1,1,1,1,1
616,종로구,2019-11-11 12:00,0.003,0.5,0.030,0.014,15,18,10,11,50,1,1,1,1,1,1,1,1,1
617,종로구,2019-11-11 11:00,0.003,0.5,0.025,0.017,17,18,13,11,42,1,1,1,1,1,1,1,1,1
618,종로구,2019-11-11 10:00,0.003,0.5,0.022,0.021,15,18,9,10,37,1,1,1,1,1,1,1,1,1
619,종로구,2019-11-11 09:00,0.003,0.6,0.019,0.025,18,18,9,11,42,1,1,1,1,1,1,1,1,1
620,종로구,2019-11-11 08:00,0.003,0.5,0.014,0.030,15,20,9,12,50,1,1,1,1,1,1,1,1,1
621,종로구,2019-11-11 07:00,0.003,0.6,0.009,0.032,21,22,11,14,53,2,1,1,1,2,1,1,1,1
622,종로구,2019-11-11 06:00,0.003,0.5,0.015,0.022,16,23,11,14,47,1,1,1,1,1,1,1,1,1
623,종로구,2019-11-11 05:00,0.003,0.5,0.021,0.015,24,24,13,15,50,1,1,1,1,1,1,1,1,1
624,종로구,2019-11-11 04:00,0.002,0.5,0.014,0.023,24,25,15,15,50,1,1,1,1,1,1,1,1,1
625,종로구,2019-11-11 03:00,0.003,0.5,0.019,0.020,17,24,13,15,50,1,1,1,1,1,1,1,1,1
626,종로구,2019-11-11 02:00,0.003,0.4,0.025,0.015,20,24,12,15,50,1,1,1,1,1,1,1,1,1
627,종로구,2019-11-11 01:00,0.002,0.5,0.024,0.017,30,26,14,16,51,2,1,1,1,1,1,2,1,1
628,종로구,2019-11-10 24:00,0.003,0.5,0.020,0.027,12,27,9,18,56,2,1,1,1,1,1,2,1,1
629,종로구,2019-11-10 23:00,0.003,0.5,0.023,0.025,14,33,8,21,64,2,1,1,1,1,2,2,1,1
630,종로구,2019-11-10 22:00,0.003,0.5,0.020,0.027,21,37,15,24,72,2,1,1,1,1,2,2,1,1
631,종로구,2019-11-10 21:00,0.003,0.5,0.012,0.037,34,39,23,25,74,2,1,1,1,2,2,2,2,2
632,종로구,2019-11-10 20:00,0.003,0.6,0.012,0.038,48,39,31,25,74,2,1,1,1,2,2,2,2,2
633,종로구,2019-11-10 19:00,0.004,0.6,0.012,0.041,37,37,24,25,74,2,1,1,1,2,2,2,2,2
634,종로구,2019-11-10 18:00,0.004,0.5,0.021,0.030,31,37,21,26,77,2,1,1,1,1,2,2,2,2
635,종로구,2019-11-10 17:00,0.004,0.5,0.026,0.025,35,39,23,26,77,2,1,1,1,1,2,2,2,2
636,종로구,2019-11-10 16:00,0.005,0.5,0.019,0.032,37,41,25,26,77,2,1,1,1,2,2,2,2,2
637,종로구,2019-11-10 15:00,0.005,0.5,0.021,0.028,39,42,28,26,77,2,1,1,1,1,2,2,2,2
638,종로구,2019-11-10 14:00,0.005,0.5,0.018,0.031,45,42,31,26,77,2,1,1,1,2,2,2,2,2
639,종로구,2019-11-10 13:00,0.005,0.6,0.012,0.035,49,41,34,26,77,2,1,1,1,2,2,2,2,2
640,종로구,2019-11-10 12:00,0.004,0.6,0.011,0.035,45,39,31,26,77,2,1,1,1,2,2,2,2,2
641,종로구,2019-11-10 11:00,0.004,0.6,0.008,0.036,41,37,29,25,74,2,1,1,1,2,2,2,2,2
642,종로구,2019-11-10 10:00,0.004,0.6,0.009,0.034,37,37,26,25,74,2,1,1,1,2,2,2,2,2
643,종로구,2019-11-10 09:00,0.004,0.6,0.006,0.035,36,36,25,24,72,2,1,1,1,2,2,2,2,2
644,종로구,2019-11-10 08:00,0.004,0.7,0.003,0.041,36,37,24,24,72,2,1,1,1,2,2,2,2,2
645,종로구,2019-11-10 07:00,0.003,0.7,0.002,0.044,37,37,26,24,73,2,1,1,1,2,2,2,2,2
646,종로구,2019-11-10 06:00,0.004,0.7,0.002,0.046,34,37,22,24,76,2,1,1,1,2,2,2,2,2
647,종로구,2019-11-10 05:00,0.003,0.8,0.002,0.046,38,38,25,24,76,2,1,1,1,2,2,2,2,2
648,종로구,2019-11-10 04:00,0.004,0.9,0.002,0.052,36,38,24,23,86,2,1,1,1,2,2,2,2,2
649,종로구,2019-11-10 03:00,0.003,0.9,0.002,0.051,38,37,26,23,85,2,1,1,1,2,2,2,2,2
650,종로구,2019-11-10 02:00,0.005,1.1,0.002,0.058,41,36,25,22,97,2,1,1,1,2,2,2,2,2
651,종로구,2019-11-10 01:00,0.004,1.0,0.002,0.059,39,35,24,21,98,2,1,1,1,2,2,2,2,2
652,종로구,2019-11-09 24:00,0.004,1.0,0.003,0.060,36,35,21,21,100,2,1,1,1,2,2,2,2,2
653,종로구,2019-11-09 23:00,0.004,0.9,0.003,0.056,35,36,23,21,93,2,1,1,1,2,2,2,2,2
654,종로구,2019-11-09 22:00,0.004,0.7,0.011,0.043,34,38,21,22,71,2,1,1,1,2,2,2,2,2
655,종로구,2019-11-09 21:00,0.004,0.6,0.013,0.041,38,39,20,22,68,2,1,1,1,2,2,2,2,2
656,종로구,2019-11-09 20:00,0.004,0.6,0.017,0.037,35,38,20,21,64,2,1,1,1,2,2,2,2,2
657,종로구,2019-11-09 19:00,0.004,0.5,0.018,0.035,44,38,25,21,64,2,1,1,1,2,2,2,2,2
658,종로구,2019-11-09 18:00,0.003,0.5,0.021,0.029,33,37,21,20,61,2,1,1,1,1,2,2,2,2
659,종로구,2019-11-09 17:00,0.004,0.4,0.028,0.018,29,37,15,20,61,2,1,1,1,1,2,2,1,1
660,종로구,2019-11-09 16:00,0.004,0.4,0.028,0.020,23,40,12,21,64,2,1,1,1,1,2,2,1,1
661,종로구,2019-11-09 15:00,0.004,0.4,0.029,0.021,33,44,20,23,69,2,1,1,1,1,2,2,2,2
662,종로구,2019-11-09 14:00,0.005,0.5,0.022,0.032,37,47,22,24,72,2,1,1,1,2,2,2,2,2
663,종로구,2019-11-09 13:00,0.005,0.6,0.019,0.033,44,49,24,24,72,2,1,1,1,2,2,2,2,2
664,종로구,2019-11-09 12:00,0.005,0.8,0.010,0.054,56,49,30,24,90,2,1,1,1,2,2,2,2,2
665,종로구,2019-11-09 11:00,0.005,0.9,0.008,0.053,55,48,28,24,88,2,1,1,1,2,2,2,2,2
666,종로구,2019-11-09 10:00,0.005,0.9,0.005,0.050,49,46,25,24,83,2,1,1,1,2,2,2,2,2
667,종로구,2019-11-09 09:00,0.004,0.8,0.004,0.045,46,45,26,23,75,2,1,1,1,2,2,2,2,2
668,종로구,2019-11-09 08:00,0.004,0.9,0.002,0.047,71,45,26,22,78,2,1,1,1,2,2,2,2,2
669,종로구,2019-11-09 07:00,0.004,0.9,0.002,0.047,46,41,24,21,78,2,1,1,1,2,2,2,2,2
670,종로구,2019-11-09 06:00,0.004,0.9,0.002,0.047,42,39,23,21,78,2,1,1,1,2,2,2,2,2
671,종로구,2019-11-09 05:00,0.004,0.9,0.002,0.051,38,39,21,20,85,2,1,1,1,2,2,2,2,2
672,종로구,2019-11-09 04:00,0.004,0.8,0.002,0.048,34,39,17,20,80,2,1,1,1,2,2,2,2,2
673,종로구,2019-11-09 03:00,0.003,0.8,0.002,0.047,35,40,18,20,78,2,1,1,1,2,2,2,2,2
674,종로구,2019-11-09 02:00,0.004,0.9,0.002,0.049,37,41,18,21,81,2,1,1,1,2,2,2,2,2
675,종로구,2019-11-09 01:00,0.004,0.8,0.002,0.050,43,41,23,21,83,2,1,1,1,2,2,2,2,2
676,종로구,2019-11-08 24:00,0.004,1.0,0.002,0.055,43,43,23,20,92,2,1,1,1,2,2,2,2,2
677,종로구,2019-11-08 23:00,0.004,0.8,0.002,0.052,41,43,19,21,86,2,1,1,1,2,2,2,2,2
678,종로구,2019-11-08 22:00,0.004,0.6,0.003,0.048,42,44,19,22,80,2,1,1,1,2,2,2,2,2
679,종로구,2019-11-08 21:00,0.003,0.7,0.003,0.049,60,44,23,22,81,2,1,1,1,2,2,2,2,2
680,종로구,2019-11-08 20:00,0.004,0.7,0.007,0.044,40,39,25,20,73,2,1,1,1,2,2,2,2,2
681,종로구,2019-11-08 19:00,0.004,0.6,0.011,0.039,45,38,26,19,65,2,1,1,1,2,2,2,2,2
682,종로구,2019-11-08 18:00,0.004,0.5,0.020,0.027,37,37,19,17,57,2,1,1,1,1,2,2,2,2
683,종로구,2019-11-08 17:00,0.004,0.4,0.028,0.021,31,37,16,16,57,2,1,1,1,1,2,2,2,2
684,종로구,2019-11-08 16:00,0.003,0.4,0.028,0.021,31,38,14,17,58,2,1,1,1,1,2,2,2,1
685,종로구,2019-11-08 15:00,0.004,0.4,0.027,0.022,37,41,18,18,61,2,1,1,1,1,2,2,2,2
686,종로구,2019-11-08 14:00,0.004,0.4,0.028,0.018,36,44,15,18,64,2,1,1,1,1,2,2,2,1
687,종로구,2019-11-08 13:00,0.004,0.5,0.020,0.025,42,46,18,19,66,2,1,1,1,1,2,2,2,2
688,종로구,2019-11-08 12:00,0.004,0.7,0.011,0.041,50,47,22,19,68,2,1,1,1,2,2,2,2,2
689,종로구,2019-11-08 11:00,0.004,0.8,0.008,0.043,49,45,23,18,71,2,1,1,1,2,2,2,2,2
690,종로구,2019-11-08 10:00,0.005,0.8,0.007,0.039,42,44,18,16,65,2,1,1,1,2,2,2,2,2
691,종로구,2019-11-08 09:00,0.004,0.7,0.007,0.037,42,43,17,16,63,2,1,1,1,2,2,2,2,2
692,종로구,2019-11-08 08:00,0.005,0.6,0.004,0.038,40,43,17,16,63,2,1,1,1,2,2,2,2,2
693,종로구,2019-11-08 07:00,0.003,0.5,0.004,0.036,37,43,14,16,63,2,1,1,1,2,2,2,2,1
694,종로구,2019-11-08 06:00,0.003,0.5,0.007,0.030,35,47,14,17,67,2,1,1,1,1,2,2,2,1
695,종로구,2019-11-08 05:00,0.003,0.5,0.010,0.025,33,51,16,17,71,2,1,1,1,1,2,2,2,2
696,종로구,2019-11-08 04:00,0.003,0.5,0.010,0.027,36,55,14,18,75,2,1,1,1,1,2,2,2,1
697,종로구,2019-11-08 03:00,0.003,0.5,0.013,0.024,81,57,15,18,77,2,1,1,1,1,2,2,3,1
698,종로구,2019-11-08 02:00,0.004,0.4,0.018,0.017,59,54,15,19,74,2,1,1,1,1,2,2,2,1
699,종로구,2019-11-08 01:00,0.004,0.4,0.022,0.015,66,53,19,20,73,2,1,1,1,1,2,2,2,2
700,종로구,2019-11-07 24:00,0.004,0.4,0.020,0.018,48,51,16,22,71,2,1,1,1,1,2,2,2,2
701,종로구,2019-11-07 23:00,0.004,0.4,0.021,0.018,50,52,19,23,72,2,1,1,1,1,2,2,2,2
702,종로구,2019-11-07 22:00,0.004,0.4,0.023,0.017,51,53,19,24,73,2,1,1,1,1,2,2,2,2
703,종로구,2019-11-07 21:00,0.004,0.5,0.024,0.018,56,53,24,25,74,2,1,1,1,1,2,2,2,2
704,종로구,2019-11-07 20:00,0.004,0.5,0.022,0.023,58,50,24,24,72,2,1,1,1,1,2,2,2,2
705,종로구,2019-11-07 19:00,0.004,0.5,0.024,0.022,60,47,24,24,72,2,1,1,1,1,2,2,2,2
706,종로구,2019-11-07 18:00,0.004,0.5,0.026,0.023,52,45,25,24,72,2,1,1,1,1,2,2,2,2
707,종로구,2019-11-07 17:00,0.004,0.4,0.033,0.017,45,44,23,24,72,2,1,1,2,1,2,2,2,2
708,종로구,2019-11-07 16:00,0.003,0.4,0.034,0.016,44,46,21,24,72,2,1,1,2,1,2,2,2,2
709,종로구,2019-11-07 15:00,0.004,0.4,0.034,0.015,46,46,26,25,74,2,1,1,2,1,2,2,2,2
710,종로구,2019-11-07 14:00,0.004,0.5,0.034,0.016,51,45,30,25,74,2,1,1,2,1,2,2,2,2
711,종로구,2019-11-07 13:00,0.004,0.6,0.031,0.018,54,42,32,24,72,2,1,1,2,1,2,2,2,2
712,종로구,2019-11-07 12:00,0.005,0.5,0.028,0.019,45,38,26,23,69,2,1,1,1,1,2,2,2,2
713,종로구,2019-11-07 11:00,0.004,0.5,0.023,0.019,42,36,24,22,66,2,1,1,1,1,2,2,2,2
714,종로구,2019-11-07 10:00,0.004,0.5,0.025,0.015,31,36,18,22,66,2,1,1,1,1,2,2,2,2
715,종로구,2019-11-07 09:00,0.003,0.5,0.020,0.022,29,37,18,23,69,2,1,1,1,1,2,2,1,2
716,종로구,2019-11-07 08:00,0.003,0.5,0.015,0.029,35,40,21,25,74,2,1,1,1,1,2,2,2,2
717,종로구,2019-11-07 07:00,0.003,0.5,0.012,0.031,40,41,26,25,74,2,1,1,1,2,2,2,2,2
718,종로구,2019-11-07 06:00,0.004,0.6,0.013,0.028,44,41,28,25,74,2,1,1,1,1,2,2,2,2
